State,Name,FIPS State,FIPS County,,,,,
AL,Autauga,1,1,,,,,
AL,Baldwin,1,3,,,,,
AL,Barbour,1,5,,,,,
AL,Bibb,1,7,,,,,
AL,Blount,1,9,,,,,
AL,Bullock,1,11,,,,,
AL,Butler,1,13,,,,,
AL,Calhoun,1,15,,,,,
AL,Chambers,1,17,,,,,
AL,Cherokee,1,19,,,,,
AL,Chilton,1,21,,,,,
AL,Choctaw,1,23,,,,,
AL,Clarke,1,25,,,,,
AL,Clay,1,27,,,,,
AL,Cleburne,1,29,,,,,
AL,Coffee,1,31,,,,,
AL,Colbert,1,33,,,,,
AL,Conecuh,1,35,,,,,
AL,Coosa,1,37,,,,,
AL,Covington,1,39,,,,,
AL,Crenshaw,1,41,,,,,
AL,Cullman,1,43,,,,,
AL,Dale,1,45,,,,,
AL,Dallas,1,47,,,,,
AL,De Kalb,1,49,,,,,
AL,Elmore,1,51,,,,,
AL,Escambia,1,53,,,,,
AL,Etowah,1,55,,,,,
AL,Fayette,1,57,,,,,
AL,Franklin,1,59,,,,,
AL,Geneva,1,61,,,,,
AL,Greene,1,63,,,,,
AL,Hale,1,65,,,,,
AL,Henry,1,67,,,,,
AL,Houston,1,69,,,,,
AL,Jackson,1,71,,,,,
AL,Jefferson,1,73,,,,,
AL,Lamar,1,75,,,,,
AL,Lauderdale,1,77,,,,,
AL,Lawrence,1,79,,,,,
AL,Lee,1,81,,,,,
AL,Limestone,1,83,,,,,
AL,Lowndes,1,85,,,,,
AL,Macon,1,87,,,,,
AL,Madison,1,89,,,,,
AL,Marengo,1,91,,,,,
AL,Marion,1,93,,,,,
AL,Marshall,1,95,,,,,
AL,Mobile,1,97,,,,,
AL,Monroe,1,99,,,,,
AL,Montgomery,1,101,,,,,
AL,Morgan,1,103,,,,,
AL,Perry,1,105,,,,,
AL,Pickens,1,107,,,,,
AL,Pike,1,109,,,,,
AL,Randolph,1,111,,,,,
AL,Russell,1,113,,,,,
AL,St. Clair,1,115,,,,,
AL,Shelby,1,117,,,,,
AL,Sumter,1,119,,,,,
AL,Talladega,1,121,,,,,
AL,Tallapoosa,1,123,,,,,
AL,Tuscaloosa,1,125,,,,,
AL,Walker,1,127,,,,,
AL,Washington,1,129,,,,,
AL,Wilcox,1,131,,,,,
AL,Winston,1,133,,,,,
AK,Aleutians East,2,13,,,,,
AK,Aleutians West,2,16,,,,,
AK,Anchorage,2,20,,,,,
AK,Bethel,2,50,,,,,
AK,Bristol Bay,2,60,,,,,
AK,Denali,2,68,,,,,
AK,Dillingham,2,70,,,,,
AK,Fairbanks North Star,2,90,,,,,
AK,Haines,2,100,,,,,
AK,Juneau,2,110,,,,,
AK,Kenai Peninsula,2,122,,,,,
AK,Ketchikan Gateway,2,130,,,,,
AK,Kodiak Island,2,150,,,,,
AK,Lake and Peninsula,2,164,,,,,
AK,Matanuska-Susitna,2,170,,,,,
AK,Nome,2,180,,,,,
AK,North Slope,2,185,,,,,
AK,Northwest Arctic,2,188,,,,,
AK,Prince of Wales-Hyder,2,201,,,,,
AK,Sitka,2,220,,,,,
AK,Skagway,2,232,,,,,
AK,Southeast Fairbanks,2,240,,,,,
AK,Valdez-Cordova,2,261,,,,,
AK,Wade Hampton,2,270,,,,,
AK,Wrangell,2,280,,,,,
AK,Yakutat,2,282,,,,,
AK,Yukon-Koyukuk,2,290,,,,,
AZ,Apache,4,1,,,,,
AZ,Cochise,4,3,,,,,
AZ,Coconino,4,5,,,,,
AZ,Gila,4,7,,,,,
AZ,Graham,4,9,,,,,
AZ,Greenlee,4,11,,,,,
AZ,La Paz,4,12,,,,,
AZ,Maricopa,4,13,,,,,
AZ,Mohave,4,15,,,,,
AZ,Navajo,4,17,,,,,
AZ,Pima,4,19,,,,,
AZ,Pinal,4,21,,,,,
AZ,Santa Cruz,4,23,,,,,
AZ,Yavapai,4,25,,,,,
AZ,Yuma,4,27,,,,,
AR,Arkansas,5,1,,,,,
AR,Ashley,5,3,,,,,
AR,Baxter,5,5,,,,,
AR,Benton,5,7,,,,,
AR,Boone,5,9,,,,,
AR,Bradley,5,11,,,,,
AR,Calhoun,5,13,,,,,
AR,Carroll,5,15,,,,,
AR,Chicot,5,17,,,,,
AR,Clark,5,19,,,,,
AR,Clay,5,21,,,,,
AR,Cleburne,5,23,,,,,
AR,Cleveland,5,25,,,,,
AR,Columbia,5,27,,,,,
AR,Conway,5,29,,,,,
AR,Craighead,5,31,,,,,
AR,Crawford,5,33,,,,,
AR,Crittenden,5,35,,,,,
AR,Cross,5,37,,,,,
AR,Dallas,5,39,,,,,
AR,Desha,5,41,,,,,
AR,Drew,5,43,,,,,
AR,Faulkner,5,45,,,,,
AR,Franklin,5,47,,,,,
AR,Fulton,5,49,,,,,
AR,Garland,5,51,,,,,
AR,Grant,5,53,,,,,
AR,Greene,5,55,,,,,
AR,Hempstead,5,57,,,,,
AR,Hot Spring,5,59,,,,,
AR,Howard,5,61,,,,,
AR,Independence,5,63,,,,,
AR,Izard,5,65,,,,,
AR,Jackson,5,67,,,,,
AR,Jefferson,5,69,,,,,
AR,Johnson,5,71,,,,,
AR,Lafayette,5,73,,,,,
AR,Lawrence,5,75,,,,,
AR,Lee,5,77,,,,,
AR,Lincoln,5,79,,,,,
AR,Little River,5,81,,,,,
AR,Logan,5,83,,,,,
AR,Lonoke,5,85,,,,,
AR,Madison,5,87,,,,,
AR,Marion,5,89,,,,,
AR,Miller,5,91,,,,,
AR,Mississippi,5,93,,,,,
AR,Monroe,5,95,,,,,
AR,Nevada,5,99,,,,,
AR,Newton,5,101,,,,,
AR,Ouachita,5,103,,,,,
AR,Perry,5,105,,,,,
AR,Phillips,5,107,,,,,
AR,Pike,5,109,,,,,
AR,Poinsett,5,111,,,,,
AR,Polk,5,113,,,,,
AR,Pope,5,115,,,,,
AR,Prairie,5,117,,,,,
AR,Pulaski,5,119,,,,,
AR,Randolph,5,121,,,,,
AR,St. Francis,5,123,,,,,
AR,Saline,5,125,,,,,
AR,Scott,5,127,,,,,
AR,Searcy,5,129,,,,,
AR,Sebastian,5,131,,,,,
AR,Sevier,5,133,,,,,
AR,Sharp,5,135,,,,,
AR,Stone,5,137,,,,,
AR,Union,5,139,,,,,
AR,Van Buren,5,141,,,,,
AR,Washington,5,143,,,,,
AR,White,5,145,,,,,
AR,Woodruff,5,147,,,,,
AR,Yell,5,149,,,,,
CA,Alameda,6,1,,,,,
CA,Alpine,6,3,,,,,
CA,Amador,6,5,,,,,
CA,Butte,6,7,,,,,
CA,Calaveras,6,9,,,,,
CA,Colusa,6,11,,,,,
CA,Contra Costa,6,13,,,,,
CA,Del Norte,6,15,,,,,
CA,El Dorado,6,17,,,,,
CA,Fresno,6,19,,,,,
CA,Glenn,6,21,,,,,
CA,Humboldt,6,23,,,,,
CA,Imperial,6,25,,,,,
CA,Inyo,6,27,,,,,
CA,Kern,6,29,,,,,
CA,Kings,6,31,,,,,
CA,Lake,6,33,,,,,
CA,Lassen,6,35,,,,,
CA,Los Angeles,6,37,,,,,
CA,Madera,6,39,,,,,
CA,Marin,6,41,,,,,
CA,Mariposa,6,43,,,,,
CA,Mendocino,6,45,,,,,
CA,Merced,6,47,,,,,
CA,Modoc,6,49,,,,,
CA,Mono,6,51,,,,,
CA,Monterey,6,53,,,,,
CA,Napa,6,55,,,,,
CA,Nevada,6,57,,,,,
CA,Orange,6,59,,,,,
CA,Placer,6,61,,,,,
CA,Plumas,6,63,,,,,
CA,Riverside,6,65,,,,,
CA,Sacramento,6,67,,,,,
CA,San Benito,6,69,,,,,
CA,San Bernardino,6,71,,,,,
CA,San Diego,6,73,,,,,
CA,San Francisco,6,75,,,,,
CA,San Joaquin,6,77,,,,,
CA,San Luis Obispo,6,79,,,,,
CA,San Mateo,6,81,,,,,
CA,Santa Barbara,6,83,,,,,
CA,Santa Clara,6,85,,,,,
CA,Santa Cruz,6,87,,,,,
CA,Shasta,6,89,,,,,
CA,Sierra,6,91,,,,,
CA,Siskiyou,6,93,,,,,
CA,Solano,6,95,,,,,
CA,Sonoma,6,97,,,,,
CA,Stanislaus,6,99,,,,,
CA,Sutter,6,101,,,,,
CA,Tehama,6,103,,,,,
CA,Trinity,6,105,,,,,
CA,Tulare,6,107,,,,,
CA,Tuolumne,6,109,,,,,
CA,Ventura,6,111,,,,,
CA,Yolo,6,113,,,,,
CA,Yuba,6,115,,,,,
CO,Adams,8,1,,,,,
CO,Alamosa,8,3,,,,,
CO,Arapahoe,8,5,,,,,
CO,Archuleta,8,7,,,,,
CO,Baca,8,9,,,,,
CO,Bent,8,11,,,,,
CO,Boulder,8,13,,,,,
CO,Broomfield,8,14,,,,,
CO,Chaffee,8,15,,,,,
CO,Cheyenne,8,17,,,,,
CO,Clear Creek,8,19,,,,,
CO,Conejos,8,21,,,,,
CO,Costilla,8,23,,,,,
CO,Crowley,8,25,,,,,
CO,Custer,8,27,,,,,
CO,Delta,8,29,,,,,
CO,Denver,8,31,,,,,
CO,Dolores,8,33,,,,,
CO,Douglas,8,35,,,,,
CO,Eagle,8,37,,,,,
CO,Elbert,8,39,,,,,
CO,El Paso,8,41,,,,,
CO,Fremont,8,43,,,,,
CO,Garfield,8,45,,,,,
CO,Gilpin,8,47,,,,,
CO,Grand,8,49,,,,,
CO,Gunnison,8,51,,,,,
CO,Hinsdale,8,53,,,,,
CO,Huerfano,8,55,,,,,
CO,Jackson,8,57,,,,,
CO,Jefferson,8,59,,,,,
CO,Kiowa,8,61,,,,,
CO,Kit Carson,8,63,,,,,
CO,Lake,8,65,,,,,
CO,La Plata,8,67,,,,,
CO,Larimer,8,69,,,,,
CO,Las Animas,8,71,,,,,
CO,Lincoln,8,73,,,,,
CO,Logan,8,75,,,,,
CO,Mesa,8,77,,,,,
CO,Mineral,8,79,,,,,
CO,Moffat,8,81,,,,,
CO,Montezuma,8,83,,,,,
CO,Montrose,8,85,,,,,
CO,Morgan,8,87,,,,,
CO,Otero,8,89,,,,,
CO,Ouray,8,91,,,,,
CO,Park,8,93,,,,,
CO,Phillips,8,95,,,,,
CO,Pitkin,8,97,,,,,
CO,Prowers,8,99,,,,,
CO,Pueblo,8,101,,,,,
CO,Rio Blanco,8,103,,,,,
CO,Rio Grande,8,105,,,,,
CO,Routt,8,107,,,,,
CO,Saguache,8,109,,,,,
CO,San Juan,8,111,,,,,
CO,San Miguel,8,113,,,,,
CO,Sedgwick,8,115,,,,,
CO,Summit,8,117,,,,,
CO,Teller,8,119,,,,,
CO,Washington,8,121,,,,,
CO,Weld,8,123,,,,,
CO,Yuma,8,125,,,,,
CT,Fairfield,9,1,,,,,
CT,Hartford,9,3,,,,,
CT,Litchfield,9,5,,,,,
CT,Middlesex,9,7,,,,,
CT,New Haven,9,9,,,,,
CT,New London,9,11,,,,,
CT,Tolland,9,13,,,,,
CT,Windham,9,15,,,,,
DE,Kent,10,1,,,,,
DE,New Castle,10,3,,,,,
DE,Sussex,10,5,,,,,
DC,District of Columbia,11,1,,,,,
DC,Montgomery,11,31,,,,,
FL,Alachua,12,1,,,,,
FL,Baker,12,3,,,,,
FL,Bay,12,5,,,,,
FL,Bradford,12,7,,,,,
FL,Brevard,12,9,,,,,
FL,Broward,12,11,,,,,
FL,Calhoun,12,13,,,,,
FL,Charlotte,12,15,,,,,
FL,Citrus,12,17,,,,,
FL,Clay,12,19,,,,,
FL,Collier,12,21,,,,,
FL,Columbia,12,23,,,,,
FL,DeSoto,12,27,,,,,
FL,Dixie,12,29,,,,,
FL,Duval,12,31,,,,,
FL,Escambia,12,33,,,,,
FL,Flagler,12,35,,,,,
FL,Franklin,12,37,,,,,
FL,Gadsden,12,39,,,,,
FL,Gilchrist,12,41,,,,,
FL,Glades,12,43,,,,,
FL,Gulf,12,45,,,,,
FL,Hamilton,12,47,,,,,
FL,Hardee,12,49,,,,,
FL,Hendry,12,51,,,,,
FL,Hernando,12,53,,,,,
FL,Highlands,12,55,,,,,
FL,Hillsborough,12,57,,,,,
FL,Holmes,12,59,,,,,
FL,Indian River,12,61,,,,,
FL,Jackson,12,63,,,,,
FL,Jefferson,12,65,,,,,
FL,Lafayette,12,67,,,,,
FL,Lake,12,69,,,,,
FL,Lee,12,71,,,,,
FL,Leon,12,73,,,,,
FL,Levy,12,75,,,,,
FL,Liberty,12,77,,,,,
FL,Madison,12,79,,,,,
FL,Manatee,12,81,,,,,
FL,Marion,12,83,,,,,
FL,Martin,12,85,,,,,
FL,Miami-Dade,12,86,,,,,
FL,Monroe,12,87,,,,,
FL,Nassau,12,89,,,,,
FL,Okaloosa,12,91,,,,,
FL,Okeechobee,12,93,,,,,
FL,Orange,12,95,,,,,
FL,Osceola,12,97,,,,,
FL,Palm Beach,12,99,,,,,
FL,Pasco,12,101,,,,,
FL,Pinellas,12,103,,,,,
FL,Polk,12,105,,,,,
FL,Putnam,12,107,,,,,
FL,St. Johns,12,109,,,,,
FL,St. Lucie,12,111,,,,,
FL,Santa Rosa,12,113,,,,,
FL,Sarasota,12,115,,,,,
FL,Seminole,12,117,,,,,
FL,Sumter,12,119,,,,,
FL,Suwannee,12,121,,,,,
FL,Taylor,12,123,,,,,
FL,Union,12,125,,,,,
FL,Volusia,12,127,,,,,
FL,Wakulla,12,129,,,,,
FL,Walton,12,131,,,,,
FL,Washington,12,133,,,,,
GA,Appling,13,1,,,,,
GA,Atkinson,13,3,,,,,
GA,Bacon,13,5,,,,,
GA,Baker,13,7,,,,,
GA,Baldwin,13,9,,,,,
GA,Banks,13,11,,,,,
GA,Barrow,13,13,,,,,
GA,Bartow,13,15,,,,,
GA,Ben Hill,13,17,,,,,
GA,Berrien,13,19,,,,,
GA,Bibb,13,21,,,,,
GA,Bleckley,13,23,,,,,
GA,Brantley,13,25,,,,,
GA,Brooks,13,27,,,,,
GA,Bryan,13,29,,,,,
GA,Bulloch,13,31,,,,,
GA,Burke,13,33,,,,,
GA,Butts,13,35,,,,,
GA,Calhoun,13,37,,,,,
GA,Camden,13,39,,,,,
GA,Candler,13,43,,,,,
GA,Carroll,13,45,,,,,
GA,Catoosa,13,47,,,,,
GA,Charlton,13,49,,,,,
GA,Chatham,13,51,,,,,
GA,Chattahoochee,13,53,,,,,
GA,Chattooga,13,55,,,,,
GA,Cherokee,13,57,,,,,
GA,Clarke,13,59,,,,,
GA,Clay,13,61,,,,,
GA,Clayton,13,63,,,,,
GA,Clinch,13,65,,,,,
GA,Cobb,13,67,,,,,
GA,Coffee,13,69,,,,,
GA,Colquitt,13,71,,,,,
GA,Columbia,13,73,,,,,
GA,Cook,13,75,,,,,
GA,Coweta,13,77,,,,,
GA,Crawford,13,79,,,,,
GA,Crisp,13,81,,,,,
GA,Dade,13,83,,,,,
GA,Dawson,13,85,,,,,
GA,Decatur,13,87,,,,,
GA,DeKalb,13,89,,,,,
GA,Dodge,13,91,,,,,
GA,Dooly,13,93,,,,,
GA,Dougherty,13,95,,,,,
GA,Douglas,13,97,,,,,
GA,Early,13,99,,,,,
GA,Echols,13,101,,,,,
GA,Effingham,13,103,,,,,
GA,Elbert,13,105,,,,,
GA,Emanuel,13,107,,,,,
GA,Evans,13,109,,,,,
GA,Fannin,13,111,,,,,
GA,Fayette,13,113,,,,,
GA,Floyd,13,115,,,,,
GA,Forsyth,13,117,,,,,
GA,Franklin,13,119,,,,,
GA,Fulton,13,121,,,,,
GA,Gilmer,13,123,,,,,
GA,Glascock,13,125,,,,,
GA,Glynn,13,127,,,,,
GA,Gordon,13,129,,,,,
GA,Grady,13,131,,,,,
GA,Greene,13,133,,,,,
GA,Gwinnett,13,135,,,,,
GA,Habersham,13,137,,,,,
GA,Hall,13,139,,,,,
GA,Hancock,13,141,,,,,
GA,Haralson,13,143,,,,,
GA,Harris,13,145,,,,,
GA,Hart,13,147,,,,,
GA,Heard,13,149,,,,,
GA,Henry,13,151,,,,,
GA,Houston,13,153,,,,,
GA,Irwin,13,155,,,,,
GA,Jackson,13,157,,,,,
GA,Jasper,13,159,,,,,
GA,Jeff Davis,13,161,,,,,
GA,Jefferson,13,163,,,,,
GA,Jenkins,13,165,,,,,
GA,Johnson,13,167,,,,,
GA,Jones,13,169,,,,,
GA,Lamar,13,171,,,,,
GA,Lanier,13,173,,,,,
GA,Laurens,13,175,,,,,
GA,Lee,13,177,,,,,
GA,Liberty,13,179,,,,,
GA,Lincoln,13,181,,,,,
GA,Long,13,183,,,,,
GA,Lowndes,13,185,,,,,
GA,Lumpkin,13,187,,,,,
GA,McDuffie,13,189,,,,,
GA,McIntosh,13,191,,,,,
GA,Macon,13,193,,,,,
GA,Madison,13,195,,,,,
GA,Marion,13,197,,,,,
GA,Meriwether,13,199,,,,,
GA,Miller,13,201,,,,,
GA,Mitchell,13,205,,,,,
GA,Monroe,13,207,,,,,
GA,Montgomery,13,209,,,,,
GA,Morgan,13,211,,,,,
GA,Murray,13,213,,,,,
GA,Muscogee,13,215,,,,,
GA,Newton,13,217,,,,,
GA,Oconee,13,219,,,,,
GA,Oglethorpe,13,221,,,,,
GA,Paulding,13,223,,,,,
GA,Peach,13,225,,,,,
GA,Pickens,13,227,,,,,
GA,Pierce,13,229,,,,,
GA,Pike,13,231,,,,,
GA,Polk,13,233,,,,,
GA,Pulaski,13,235,,,,,
GA,Putnam,13,237,,,,,
GA,Quitman,13,239,,,,,
GA,Rabun,13,241,,,,,
GA,Randolph,13,243,,,,,
GA,Richmond,13,245,,,,,
GA,Rockdale,13,247,,,,,
GA,Schley,13,249,,,,,
GA,Screven,13,251,,,,,
GA,Seminole,13,253,,,,,
GA,Spalding,13,255,,,,,
GA,Stephens,13,257,,,,,
GA,Stewart,13,259,,,,,
GA,Sumter,13,261,,,,,
GA,Talbot,13,263,,,,,
GA,Taliaferro,13,265,,,,,
GA,Tattnall,13,267,,,,,
GA,Taylor,13,269,,,,,
GA,Telfair,13,271,,,,,
GA,Terrell,13,273,,,,,
GA,Thomas,13,275,,,,,
GA,Tift,13,277,,,,,
GA,Toombs,13,279,,,,,
GA,Towns,13,281,,,,,
GA,Treutlen,13,283,,,,,
GA,Troup,13,285,,,,,
GA,Turner,13,287,,,,,
GA,Twiggs,13,289,,,,,
GA,Union,13,291,,,,,
GA,Upson,13,293,,,,,
GA,Walker,13,295,,,,,
GA,Walton,13,297,,,,,
GA,Ware,13,299,,,,,
GA,Warren,13,301,,,,,
GA,Washington,13,303,,,,,
GA,Wayne,13,305,,,,,
GA,Webster,13,307,,,,,
GA,Wheeler,13,309,,,,,
GA,White,13,311,,,,,
GA,Whitfield,13,313,,,,,
GA,Wilcox,13,315,,,,,
GA,Wilkes,13,317,,,,,
GA,Wilkinson,13,319,,,,,
GA,Worth,13,321,,,,,
HI,Hawaii,15,1,,,,,
HI,Honolulu,15,3,,,,,
HI,Kauai,15,7,,,,,
HI,Maui,15,9,,,,,
ID,Ada,16,1,,,,,
ID,Adams,16,3,,,,,
ID,Bannock,16,5,,,,,
ID,Bear Lake,16,7,,,,,
ID,Benewah,16,9,,,,,
ID,Bingham,16,11,,,,,
ID,Blaine,16,13,,,,,
ID,Boise,16,15,,,,,
ID,Bonner,16,17,,,,,
ID,Bonneville,16,19,,,,,
ID,Boundary,16,21,,,,,
ID,Butte,16,23,,,,,
ID,Camas,16,25,,,,,
ID,Canyon,16,27,,,,,
ID,Caribou,16,29,,,,,
ID,Cassia,16,31,,,,,
ID,Clark,16,33,,,,,
ID,Clearwater,16,35,,,,,
ID,Custer,16,37,,,,,
ID,Elmore,16,39,,,,,
ID,Franklin,16,41,,,,,
ID,Fremont,16,43,,,,,
ID,Gem,16,45,,,,,
ID,Gooding,16,47,,,,,
ID,Idaho,16,49,,,,,
ID,Jefferson,16,51,,,,,
ID,Jerome,16,53,,,,,
ID,Kootenai,16,55,,,,,
ID,Latah,16,57,,,,,
ID,Lemhi,16,59,,,,,
ID,Lewis,16,61,,,,,
ID,Lincoln,16,63,,,,,
ID,Madison,16,65,,,,,
ID,Minidoka,16,67,,,,,
ID,Nez Perce,16,69,,,,,
ID,Oneida,16,71,,,,,
ID,Owyhee,16,73,,,,,
ID,Payette,16,75,,,,,
ID,Power,16,77,,,,,
ID,Shoshone,16,79,,,,,
ID,Teton,16,81,,,,,
ID,Twin Falls,16,83,,,,,
ID,Valley,16,85,,,,,
ID,Washington,16,87,,,,,
IL,Adams,17,1,,,,,
IL,Alexander,17,3,,,,,
IL,Bond,17,5,,,,,
IL,Boone,17,7,,,,,
IL,Brown,17,9,,,,,
IL,Bureau,17,11,,,,,
IL,Calhoun,17,13,,,,,
IL,Carroll,17,15,,,,,
IL,Cass,17,17,,,,,
IL,Champaign,17,19,,,,,
IL,Christian,17,21,,,,,
IL,Clark,17,23,,,,,
IL,Clay,17,25,,,,,
IL,Clinton,17,27,,,,,
IL,Coles,17,29,,,,,
IL,Cook,17,31,,,,,
IL,Crawford,17,33,,,,,
IL,Cumberland,17,35,,,,,
IL,DeKalb,17,37,,,,,
IL,De Witt,17,39,,,,,
IL,Douglas,17,41,,,,,
IL,Du Page,17,43,,,,,
IL,Edgar,17,45,,,,,
IL,Edwards,17,47,,,,,
IL,Effingham,17,49,,,,,
IL,Fayette,17,51,,,,,
IL,Ford,17,53,,,,,
IL,Franklin,17,55,,,,,
IL,Fulton,17,57,,,,,
IL,Gallatin,17,59,,,,,
IL,Greene,17,61,,,,,
IL,Grundy,17,63,,,,,
IL,Hamilton,17,65,,,,,
IL,Hancock,17,67,,,,,
IL,Hardin,17,69,,,,,
IL,Henderson,17,71,,,,,
IL,Henry,17,73,,,,,
IL,Iroquois,17,75,,,,,
IL,Jackson,17,77,,,,,
IL,Jasper,17,79,,,,,
IL,Jefferson,17,81,,,,,
IL,Jersey,17,83,,,,,
IL,Jo Daviess,17,85,,,,,
IL,Johnson,17,87,,,,,
IL,Kane,17,89,,,,,
IL,Kankakee,17,91,,,,,
IL,Kendall,17,93,,,,,
IL,Knox,17,95,,,,,
IL,Lake,17,97,,,,,
IL,LaSalle,17,99,,,,,
IL,Lawrence,17,101,,,,,
IL,Lee,17,103,,,,,
IL,Livingston,17,105,,,,,
IL,Logan,17,107,,,,,
IL,McDonough,17,109,,,,,
IL,McHenry,17,111,,,,,
IL,McLean,17,113,,,,,
IL,Macon,17,115,,,,,
IL,Macoupin,17,117,,,,,
IL,Madison,17,119,,,,,
IL,Marion,17,121,,,,,
IL,Marshall,17,123,,,,,
IL,Mason,17,125,,,,,
IL,Massac,17,127,,,,,
IL,Menard,17,129,,,,,
IL,Mercer,17,131,,,,,
IL,Monroe,17,133,,,,,
IL,Montgomery,17,135,,,,,
IL,Morgan,17,137,,,,,
IL,Moultrie,17,139,,,,,
IL,Ogle,17,141,,,,,
IL,Peoria,17,143,,,,,
IL,Perry,17,145,,,,,
IL,Piatt,17,147,,,,,
IL,Pike,17,149,,,,,
IL,Pope,17,151,,,,,
IL,Pulaski,17,153,,,,,
IL,Putnam,17,155,,,,,
IL,Randolph,17,157,,,,,
IL,Richland,17,159,,,,,
IL,Rock Island,17,161,,,,,
IL,St. Clair,17,163,,,,,
IL,Saline,17,165,,,,,
IL,Sangamon,17,167,,,,,
IL,Schuyler,17,169,,,,,
IL,Scott,17,171,,,,,
IL,Shelby,17,173,,,,,
IL,Stark,17,175,,,,,
IL,Stephenson,17,177,,,,,
IL,Tazewell,17,179,,,,,
IL,Union,17,181,,,,,
IL,Vermilion,17,183,,,,,
IL,Wabash,17,185,,,,,
IL,Warren,17,187,,,,,
IL,Washington,17,189,,,,,
IL,Wayne,17,191,,,,,
IL,White,17,193,,,,,
IL,Whiteside,17,195,,,,,
IL,Will,17,197,,,,,
IL,Williamson,17,199,,,,,
IL,Winnebago,17,201,,,,,
IL,Woodford,17,203,,,,,
IN,Adams,18,1,,,,,
IN,Allen,18,3,,,,,
IN,Bartholomew,18,5,,,,,
IN,Benton,18,7,,,,,
IN,Blackford,18,9,,,,,
IN,Boone,18,11,,,,,
IN,Brown,18,13,,,,,
IN,Carroll,18,15,,,,,
IN,Cass,18,17,,,,,
IN,Clark,18,19,,,,,
IN,Clay,18,21,,,,,
IN,Clinton,18,23,,,,,
IN,Crawford,18,25,,,,,
IN,Daviess,18,27,,,,,
IN,Dearborn,18,29,,,,,
IN,Decatur,18,31,,,,,
IN,De Kalb,18,33,,,,,
IN,Delaware,18,35,,,,,
IN,Dubois,18,37,,,,,
IN,Elkhart,18,39,,,,,
IN,Fayette,18,41,,,,,
IN,Floyd,18,43,,,,,
IN,Fountain,18,45,,,,,
IN,Franklin,18,47,,,,,
IN,Fulton,18,49,,,,,
IN,Gibson,18,51,,,,,
IN,Grant,18,53,,,,,
IN,Greene,18,55,,,,,
IN,Hamilton,18,57,,,,,
IN,Hancock,18,59,,,,,
IN,Harrison,18,61,,,,,
IN,Hendricks,18,63,,,,,
IN,Henry,18,65,,,,,
IN,Howard,18,67,,,,,
IN,Huntington,18,69,,,,,
IN,Jackson,18,71,,,,,
IN,Jasper,18,73,,,,,
IN,Jay,18,75,,,,,
IN,Jefferson,18,77,,,,,
IN,Jennings,18,79,,,,,
IN,Johnson,18,81,,,,,
IN,Knox,18,83,,,,,
IN,Kosciusko,18,85,,,,,
IN,LaGrange,18,87,,,,,
IN,Lake,18,89,,,,,
IN,LaPorte,18,91,,,,,
IN,Lawrence,18,93,,,,,
IN,Madison,18,95,,,,,
IN,Marion,18,97,,,,,
IN,Marshall,18,99,,,,,
IN,Martin,18,101,,,,,
IN,Miami,18,103,,,,,
IN,Monroe,18,105,,,,,
IN,Montgomery,18,107,,,,,
IN,Morgan,18,109,,,,,
IN,Newton,18,111,,,,,
IN,Noble,18,113,,,,,
IN,Ohio,18,115,,,,,
IN,Orange,18,117,,,,,
IN,Owen,18,119,,,,,
IN,Parke,18,121,,,,,
IN,Perry,18,123,,,,,
IN,Pike,18,125,,,,,
IN,Porter,18,127,,,,,
IN,Posey,18,129,,,,,
IN,Pulaski,18,131,,,,,
IN,Putnam,18,133,,,,,
IN,Randolph,18,135,,,,,
IN,Ripley,18,137,,,,,
IN,Rush,18,139,,,,,
IN,St. Joseph,18,141,,,,,
IN,Scott,18,143,,,,,
IN,Shelby,18,145,,,,,
IN,Spencer,18,147,,,,,
IN,Starke,18,149,,,,,
IN,Steuben,18,151,,,,,
IN,Sullivan,18,153,,,,,
IN,Switzerland,18,155,,,,,
IN,Tippecanoe,18,157,,,,,
IN,Tipton,18,159,,,,,
IN,Union,18,161,,,,,
IN,Vanderburgh,18,163,,,,,
IN,Vermillion,18,165,,,,,
IN,Vigo,18,167,,,,,
IN,Wabash,18,169,,,,,
IN,Warren,18,171,,,,,
IN,Warrick,18,173,,,,,
IN,Washington,18,175,,,,,
IN,Wayne,18,177,,,,,
IN,Wells,18,179,,,,,
IN,White,18,181,,,,,
IN,Whitley,18,183,,,,,
IA,Adair,19,1,,,,,
IA,Adams,19,3,,,,,
IA,Allamakee,19,5,,,,,
IA,Appanoose,19,7,,,,,
IA,Audubon,19,9,,,,,
IA,Benton,19,11,,,,,
IA,Black Hawk,19,13,,,,,
IA,Boone,19,15,,,,,
IA,Bremer,19,17,,,,,
IA,Buchanan,19,19,,,,,
IA,Buena Vista,19,21,,,,,
IA,Butler,19,23,,,,,
IA,Calhoun,19,25,,,,,
IA,Carroll,19,27,,,,,
IA,Cass,19,29,,,,,
IA,Cedar,19,31,,,,,
IA,Cerro Gordo,19,33,,,,,
IA,Cherokee,19,35,,,,,
IA,Chickasaw,19,37,,,,,
IA,Clarke,19,39,,,,,
IA,Clay,19,41,,,,,
IA,Clayton,19,43,,,,,
IA,Clinton,19,45,,,,,
IA,Crawford,19,47,,,,,
IA,Dallas,19,49,,,,,
IA,Davis,19,51,,,,,
IA,Decatur,19,53,,,,,
IA,Delaware,19,55,,,,,
IA,Des Moines,19,57,,,,,
IA,Dickinson,19,59,,,,,
IA,Dubuque,19,61,,,,,
IA,Emmet,19,63,,,,,
IA,Fayette,19,65,,,,,
IA,Floyd,19,67,,,,,
IA,Franklin,19,69,,,,,
IA,Fremont,19,71,,,,,
IA,Greene,19,73,,,,,
IA,Grundy,19,75,,,,,
IA,Guthrie,19,77,,,,,
IA,Hamilton,19,79,,,,,
IA,Hancock,19,81,,,,,
IA,Hardin,19,83,,,,,
IA,Harrison,19,85,,,,,
IA,Henry,19,87,,,,,
IA,Howard,19,89,,,,,
IA,Humboldt,19,91,,,,,
IA,Ida,19,93,,,,,
IA,Iowa,19,95,,,,,
IA,Jackson,19,97,,,,,
IA,Jasper,19,99,,,,,
IA,Jefferson,19,101,,,,,
IA,Johnson,19,103,,,,,
IA,Jones,19,105,,,,,
IA,Keokuk,19,107,,,,,
IA,Kossuth,19,109,,,,,
IA,Lee,19,111,,,,,
IA,Linn,19,113,,,,,
IA,Louisa,19,115,,,,,
IA,Lucas,19,117,,,,,
IA,Lyon,19,119,,,,,
IA,Madison,19,121,,,,,
IA,Mahaska,19,123,,,,,
IA,Marion,19,125,,,,,
IA,Marshall,19,127,,,,,
IA,Mills,19,129,,,,,
IA,Mitchell,19,131,,,,,
IA,Monona,19,133,,,,,
IA,Monroe,19,135,,,,,
IA,Montgomery,19,137,,,,,
IA,Muscatine,19,139,,,,,
IA,O'Brien,19,141,,,,,
IA,Osceola,19,143,,,,,
IA,Page,19,145,,,,,
IA,Palo Alto,19,147,,,,,
IA,Plymouth,19,149,,,,,
IA,Pocahontas,19,151,,,,,
IA,Polk,19,153,,,,,
IA,Pottawattamie,19,155,,,,,
IA,Poweshiek,19,157,,,,,
IA,Ringgold,19,159,,,,,
IA,Sac,19,161,,,,,
IA,Scott,19,163,,,,,
IA,Shelby,19,165,,,,,
IA,Sioux,19,167,,,,,
IA,Story,19,169,,,,,
IA,Tama,19,171,,,,,
IA,Taylor,19,173,,,,,
IA,Union,19,175,,,,,
IA,Van Buren,19,177,,,,,
IA,Wapello,19,179,,,,,
IA,Warren,19,181,,,,,
IA,Washington,19,183,,,,,
IA,Wayne,19,185,,,,,
IA,Webster,19,187,,,,,
IA,Winnebago,19,189,,,,,
IA,Winneshiek,19,191,,,,,
IA,Woodbury,19,193,,,,,
IA,Worth,19,195,,,,,
IA,Wright,19,197,,,,,
KS,Allen,20,1,,,,,
KS,Anderson,20,3,,,,,
KS,Atchison,20,5,,,,,
KS,Barber,20,7,,,,,
KS,Barton,20,9,,,,,
KS,Bourbon,20,11,,,,,
KS,Brown,20,13,,,,,
KS,Butler,20,15,,,,,
KS,Chase,20,17,,,,,
KS,Chautauqua,20,19,,,,,
KS,Cherokee,20,21,,,,,
KS,Cheyenne,20,23,,,,,
KS,Clark,20,25,,,,,
KS,Clay,20,27,,,,,
KS,Cloud,20,29,,,,,
KS,Coffey,20,31,,,,,
KS,Comanche,20,33,,,,,
KS,Cowley,20,35,,,,,
KS,Crawford,20,37,,,,,
KS,Decatur,20,39,,,,,
KS,Dickinson,20,41,,,,,
KS,Doniphan,20,43,,,,,
KS,Douglas,20,45,,,,,
KS,Edwards,20,47,,,,,
KS,Elk,20,49,,,,,
KS,Ellis,20,51,,,,,
KS,Ellsworth,20,53,,,,,
KS,Finney,20,55,,,,,
KS,Ford,20,57,,,,,
KS,Franklin,20,59,,,,,
KS,Geary,20,61,,,,,
KS,Gove,20,63,,,,,
KS,Graham,20,65,,,,,
KS,Grant,20,67,,,,,
KS,Gray,20,69,,,,,
KS,Greeley,20,71,,,,,
KS,Greenwood,20,73,,,,,
KS,Hamilton,20,75,,,,,
KS,Harper,20,77,,,,,
KS,Harvey,20,79,,,,,
KS,Haskell,20,81,,,,,
KS,Hodgeman,20,83,,,,,
KS,Jackson,20,85,,,,,
KS,Jefferson,20,87,,,,,
KS,Jewell,20,89,,,,,
KS,Johnson,20,91,,,,,
KS,Kearny,20,93,,,,,
KS,Kingman,20,95,,,,,
KS,Kiowa,20,97,,,,,
KS,Labette,20,99,,,,,
KS,Lane,20,101,,,,,
KS,Leavenworth,20,103,,,,,
KS,Lincoln,20,105,,,,,
KS,Linn,20,107,,,,,
KS,Logan,20,109,,,,,
KS,Lyon,20,111,,,,,
KS,McPherson,20,113,,,,,
KS,Marion,20,115,,,,,
KS,Marshall,20,117,,,,,
KS,Meade,20,119,,,,,
KS,Miami,20,121,,,,,
KS,Mitchell,20,123,,,,,
KS,Montgomery,20,125,,,,,
KS,Morris,20,127,,,,,
KS,Morton,20,129,,,,,
KS,Nemaha,20,131,,,,,
KS,Neosho,20,133,,,,,
KS,Ness,20,135,,,,,
KS,Norton,20,137,,,,,
KS,Osage,20,139,,,,,
KS,Osborne,20,141,,,,,
KS,Ottawa,20,143,,,,,
KS,Pawnee,20,145,,,,,
KS,Phillips,20,147,,,,,
KS,Pottawatomie,20,149,,,,,
KS,Pratt,20,151,,,,,
KS,Rawlins,20,153,,,,,
KS,Reno,20,155,,,,,
KS,Republic,20,157,,,,,
KS,Rice,20,159,,,,,
KS,Riley,20,161,,,,,
KS,Rooks,20,163,,,,,
KS,Rush,20,165,,,,,
KS,Russell,20,167,,,,,
KS,Saline,20,169,,,,,
KS,Scott,20,171,,,,,
KS,Sedgwick,20,173,,,,,
KS,Seward,20,175,,,,,
KS,Shawnee,20,177,,,,,
KS,Sheridan,20,179,,,,,
KS,Sherman,20,181,,,,,
KS,Smith,20,183,,,,,
KS,Stafford,20,185,,,,,
KS,Stanton,20,187,,,,,
KS,Stevens,20,189,,,,,
KS,Sumner,20,191,,,,,
KS,Thomas,20,193,,,,,
KS,Trego,20,195,,,,,
KS,Wabaunsee,20,197,,,,,
KS,Wallace,20,199,,,,,
KS,Washington,20,201,,,,,
KS,Wichita,20,203,,,,,
KS,Wilson,20,205,,,,,
KS,Woodson,20,207,,,,,
KS,Wyandotte,20,209,,,,,
KY,Adair,21,1,,,,,
KY,Allen,21,3,,,,,
KY,Anderson,21,5,,,,,
KY,Ballard,21,7,,,,,
KY,Barren,21,9,,,,,
KY,Bath,21,11,,,,,
KY,Bell,21,13,,,,,
KY,Boone,21,15,,,,,
KY,Bourbon,21,17,,,,,
KY,Boyd,21,19,,,,,
KY,Boyle,21,21,,,,,
KY,Bracken,21,23,,,,,
KY,Breathitt,21,25,,,,,
KY,Breckinridge,21,27,,,,,
KY,Bullitt,21,29,,,,,
KY,Butler,21,31,,,,,
KY,Caldwell,21,33,,,,,
KY,Calloway,21,35,,,,,
KY,Campbell,21,37,,,,,
KY,Carlisle,21,39,,,,,
KY,Carroll,21,41,,,,,
KY,Carter,21,43,,,,,
KY,Casey,21,45,,,,,
KY,Christian,21,47,,,,,
KY,Clark,21,49,,,,,
KY,Clay,21,51,,,,,
KY,Clinton,21,53,,,,,
KY,Crittenden,21,55,,,,,
KY,Cumberland,21,57,,,,,
KY,Daviess,21,59,,,,,
KY,Edmonson,21,61,,,,,
KY,Elliott,21,63,,,,,
KY,Estill,21,65,,,,,
KY,Fayette,21,67,,,,,
KY,Fleming,21,69,,,,,
KY,Floyd,21,71,,,,,
KY,Franklin,21,73,,,,,
KY,Fulton,21,75,,,,,
KY,Gallatin,21,77,,,,,
KY,Garrard,21,79,,,,,
KY,Grant,21,81,,,,,
KY,Graves,21,83,,,,,
KY,Grayson,21,85,,,,,
KY,Green,21,87,,,,,
KY,Greenup,21,89,,,,,
KY,Hancock,21,91,,,,,
KY,Hardin,21,93,,,,,
KY,Harlan,21,95,,,,,
KY,Harrison,21,97,,,,,
KY,Hart,21,99,,,,,
KY,Henderson,21,101,,,,,
KY,Henry,21,103,,,,,
KY,Hickman,21,105,,,,,
KY,Hopkins,21,107,,,,,
KY,Jackson,21,109,,,,,
KY,Jefferson,21,111,,,,,
KY,Jessamine,21,113,,,,,
KY,Johnson,21,115,,,,,
KY,Kenton,21,117,,,,,
KY,Knott,21,119,,,,,
KY,Knox,21,121,,,,,
KY,Larue,21,123,,,,,
KY,Laurel,21,125,,,,,
KY,Lawrence,21,127,,,,,
KY,Lee,21,129,,,,,
KY,Leslie,21,131,,,,,
KY,Letcher,21,133,,,,,
KY,Lewis,21,135,,,,,
KY,Lincoln,21,137,,,,,
KY,Livingston,21,139,,,,,
KY,Logan,21,141,,,,,
KY,Lyon,21,143,,,,,
KY,McCracken,21,145,,,,,
KY,McCreary,21,147,,,,,
KY,McLean,21,149,,,,,
KY,Madison,21,151,,,,,
KY,Magoffin,21,153,,,,,
KY,Marion,21,155,,,,,
KY,Marshall,21,157,,,,,
KY,Martin,21,159,,,,,
KY,Mason,21,161,,,,,
KY,Meade,21,163,,,,,
KY,Menifee,21,165,,,,,
KY,Mercer,21,167,,,,,
KY,Metcalfe,21,169,,,,,
KY,Monroe,21,171,,,,,
KY,Montgomery,21,173,,,,,
KY,Morgan,21,175,,,,,
KY,Muhlenberg,21,177,,,,,
KY,Nelson,21,179,,,,,
KY,Nicholas,21,181,,,,,
KY,Ohio,21,183,,,,,
KY,Oldham,21,185,,,,,
KY,Owen,21,187,,,,,
KY,Owsley,21,189,,,,,
KY,Pendleton,21,191,,,,,
KY,Perry,21,193,,,,,
KY,Pike,21,195,,,,,
KY,Powell,21,197,,,,,
KY,Pulaski,21,199,,,,,
KY,Robertson,21,201,,,,,
KY,Rockcastle,21,203,,,,,
KY,Rowan,21,205,,,,,
KY,Russell,21,207,,,,,
KY,Scott,21,209,,,,,
KY,Shelby,21,211,,,,,
KY,Simpson,21,213,,,,,
KY,Spencer,21,215,,,,,
KY,Taylor,21,217,,,,,
KY,Todd,21,219,,,,,
KY,Trigg,21,221,,,,,
KY,Trimble,21,223,,,,,
KY,Union,21,225,,,,,
KY,Warren,21,227,,,,,
KY,Washington,21,229,,,,,
KY,Wayne,21,231,,,,,
KY,Webster,21,233,,,,,
KY,Whitley,21,235,,,,,
KY,Wolfe,21,237,,,,,
KY,Woodford,21,239,,,,,
LA,Acadia,22,1,,,,,
LA,Allen,22,3,,,,,
LA,Ascension,22,5,,,,,
LA,Assumption,22,7,,,,,
LA,Avoyelles,22,9,,,,,
LA,Beauregard,22,11,,,,,
LA,Bienville,22,13,,,,,
LA,Bossier,22,15,,,,,
LA,Caddo,22,17,,,,,
LA,Calcasieu,22,19,,,,,
LA,Caldwell,22,21,,,,,
LA,Cameron,22,23,,,,,
LA,Catahoula,22,25,,,,,
LA,Claiborne,22,27,,,,,
LA,Concordia,22,29,,,,,
LA,De Soto,22,31,,,,,
LA,East Baton Rouge,22,33,,,,,
LA,East Carroll,22,35,,,,,
LA,East Feliciana,22,37,,,,,
LA,Evangeline,22,39,,,,,
LA,Franklin,22,41,,,,,
LA,Grant,22,43,,,,,
LA,Iberia,22,45,,,,,
LA,Iberville,22,47,,,,,
LA,Jackson,22,49,,,,,
LA,Jefferson,22,51,,,,,
LA,Jefferson Davis,22,53,,,,,
LA,Lafayette,22,55,,,,,
LA,Lafourche,22,57,,,,,
LA,La Salle,22,59,,,,,
LA,Lincoln,22,61,,,,,
LA,Livingston,22,63,,,,,
LA,Madison,22,65,,,,,
LA,Morehouse,22,67,,,,,
LA,Natchitoches,22,69,,,,,
LA,Orleans,22,71,,,,,
LA,Ouachita,22,73,,,,,
LA,Plaquemines,22,75,,,,,
LA,Pointe Coupee,22,77,,,,,
LA,Rapides,22,79,,,,,
LA,Red River,22,81,,,,,
LA,Richland,22,83,,,,,
LA,Sabine,22,85,,,,,
LA,St Bernard,22,87,,,,,
LA,St Charles,22,89,,,,,
LA,St Helena,22,91,,,,,
LA,St James,22,93,,,,,
LA,St John The Baptist,22,95,,,,,
LA,St Landry,22,97,,,,,
LA,St Martin,22,99,,,,,
LA,St Mary,22,101,,,,,
LA,St. Tammany,22,103,,,,,
LA,Tangipahoa,22,105,,,,,
LA,Tensas,22,107,,,,,
LA,Terrebonne,22,109,,,,,
LA,Union,22,111,,,,,
LA,Vermilion,22,113,,,,,
LA,Vernon,22,115,,,,,
LA,Washington,22,117,,,,,
LA,Webster,22,119,,,,,
LA,West Baton Rouge,22,121,,,,,
LA,West Carroll,22,123,,,,,
LA,West Feliciana,22,125,,,,,
LA,Winn,22,127,,,,,
ME,Androscoggin,23,1,,,,,
ME,Aroostook,23,3,,,,,
ME,Cumberland,23,5,,,,,
ME,Franklin,23,7,,,,,
ME,Hancock,23,9,,,,,
ME,Kennebec,23,11,,,,,
ME,Knox,23,13,,,,,
ME,Lincoln,23,15,,,,,
ME,Oxford,23,17,,,,,
ME,Penobscot,23,19,,,,,
ME,Piscataquis,23,21,,,,,
ME,Sagadahoc,23,23,,,,,
ME,Somerset,23,25,,,,,
ME,Waldo,23,27,,,,,
ME,Washington,23,29,,,,,
ME,York,23,31,,,,,
MD,Allegany,24,1,,,,,
MD,Anne Arundel,24,3,,,,,
MD,Baltimore,24,5,,,,,
MD,Calvert,24,9,,,,,
MD,Caroline,24,11,,,,,
MD,Carroll,24,13,,,,,
MD,Cecil,24,15,,,,,
MD,Charles,24,17,,,,,
MD,Dorchester,24,19,,,,,
MD,Frederick,24,21,,,,,
MD,Garrett,24,23,,,,,
MD,Harford,24,25,,,,,
MD,Howard,24,27,,,,,
MD,Kent,24,29,,,,,
MD,Montgomery,24,31,,,,,
MD,Prince George's,24,33,,,,,
MD,Queen Anne's,24,35,,,,,
MD,St. Mary's,24,37,,,,,
MD,Somerset,24,39,,,,,
MD,Talbot,24,41,,,,,
MD,Washington,24,43,,,,,
MD,Wicomico,24,45,,,,,
MD,Worcester,24,47,,,,,
MD,Baltimore City,24,510,,,,,
MA,Barnstable,25,1,,,,,
MA,Berkshire,25,3,,,,,
MA,Bristol,25,5,,,,,
MA,Dukes,25,7,,,,,
MA,Essex,25,9,,,,,
MA,Franklin,25,11,,,,,
MA,Hampden,25,13,,,,,
MA,Hampshire,25,15,,,,,
MA,Middlesex,25,17,,,,,
MA,Nantucket,25,19,,,,,
MA,Norfolk,25,21,,,,,
MA,Plymouth,25,23,,,,,
MA,Suffolk,25,25,,,,,
MA,Worcester,25,27,,,,,
MI,Alcona,26,1,,,,,
MI,Alger,26,3,,,,,
MI,Allegan,26,5,,,,,
MI,Alpena,26,7,,,,,
MI,Antrim,26,9,,,,,
MI,Arenac,26,11,,,,,
MI,Baraga,26,13,,,,,
MI,Barry,26,15,,,,,
MI,Bay,26,17,,,,,
MI,Benzie,26,19,,,,,
MI,Berrien,26,21,,,,,
MI,Branch,26,23,,,,,
MI,Calhoun,26,25,,,,,
MI,Cass,26,27,,,,,
MI,Charlevoix,26,29,,,,,
MI,Cheboygan,26,31,,,,,
MI,Chippewa,26,33,,,,,
MI,Clare,26,35,,,,,
MI,Clinton,26,37,,,,,
MI,Crawford,26,39,,,,,
MI,Delta,26,41,,,,,
MI,Dickinson,26,43,,,,,
MI,Eaton,26,45,,,,,
MI,Emmet,26,47,,,,,
MI,Genesee,26,49,,,,,
MI,Gladwin,26,51,,,,,
MI,Gogebic,26,53,,,,,
MI,Grand Traverse,26,55,,,,,
MI,Gratiot,26,57,,,,,
MI,Hillsdale,26,59,,,,,
MI,Houghton,26,61,,,,,
MI,Huron,26,63,,,,,
MI,Ingham,26,65,,,,,
MI,Ionia,26,67,,,,,
MI,Iosco,26,69,,,,,
MI,Iron,26,71,,,,,
MI,Isabella,26,73,,,,,
MI,Jackson,26,75,,,,,
MI,Kalamazoo,26,77,,,,,
MI,Kalkaska,26,79,,,,,
MI,Kent,26,81,,,,,
MI,Keweenaw,26,83,,,,,
MI,Lake,26,85,,,,,
MI,Lapeer,26,87,,,,,
MI,Leelanau,26,89,,,,,
MI,Lenawee,26,91,,,,,
MI,Livingston,26,93,,,,,
MI,Luce,26,95,,,,,
MI,Mackinac,26,97,,,,,
MI,Macomb,26,99,,,,,
MI,Manistee,26,101,,,,,
MI,Marquette,26,103,,,,,
MI,Mason,26,105,,,,,
MI,Mecosta,26,107,,,,,
MI,Menominee,26,109,,,,,
MI,Midland,26,111,,,,,
MI,Missaukee,26,113,,,,,
MI,Monroe,26,115,,,,,
MI,Montcalm,26,117,,,,,
MI,Montmorency,26,119,,,,,
MI,Muskegon,26,121,,,,,
MI,Newaygo,26,123,,,,,
MI,Oakland,26,125,,,,,
MI,Oceana,26,127,,,,,
MI,Ogemaw,26,129,,,,,
MI,Ontonagon,26,131,,,,,
MI,Osceola,26,133,,,,,
MI,Oscoda,26,135,,,,,
MI,Otsego,26,137,,,,,
MI,Ottawa,26,139,,,,,
MI,Presque Isle,26,141,,,,,
MI,Roscommon,26,143,,,,,
MI,Saginaw,26,145,,,,,
MI,St. Clair,26,147,,,,,
MI,St. Joseph,26,149,,,,,
MI,Sanilac,26,151,,,,,
MI,Schoolcraft,26,153,,,,,
MI,Shiawassee,26,155,,,,,
MI,Tuscola,26,157,,,,,
MI,Van Buren,26,159,,,,,
MI,Washtenaw,26,161,,,,,
MI,Wayne,26,163,,,,,
MI,Wexford,26,165,,,,,
MN,Aitkin,27,1,,,,,
MN,Anoka,27,3,,,,,
MN,Becker,27,5,,,,,
MN,Beltrami,27,7,,,,,
MN,Benton,27,9,,,,,
MN,Big Stone,27,11,,,,,
MN,Blue Earth,27,13,,,,,
MN,Brown,27,15,,,,,
MN,Carlton,27,17,,,,,
MN,Carver,27,19,,,,,
MN,Cass,27,21,,,,,
MN,Chippewa,27,23,,,,,
MN,Chisago,27,25,,,,,
MN,Clay,27,27,,,,,
MN,Clearwater,27,29,,,,,
MN,Cook,27,31,,,,,
MN,Cottonwood,27,33,,,,,
MN,Crow Wing,27,35,,,,,
MN,Dakota,27,37,,,,,
MN,Dodge,27,39,,,,,
MN,Douglas,27,41,,,,,
MN,Faribault,27,43,,,,,
MN,Fillmore,27,45,,,,,
MN,Freeborn,27,47,,,,,
MN,Goodhue,27,49,,,,,
MN,Grant,27,51,,,,,
MN,Hennepin,27,53,,,,,
MN,Houston,27,55,,,,,
MN,Hubbard,27,57,,,,,
MN,Isanti,27,59,,,,,
MN,Itasca,27,61,,,,,
MN,Jackson,27,63,,,,,
MN,Kanabec,27,65,,,,,
MN,Kandiyohi,27,67,,,,,
MN,Kittson,27,69,,,,,
MN,Koochiching,27,71,,,,,
MN,Lac qui Parle,27,73,,,,,
MN,Lake,27,75,,,,,
MN,Lake of the Woods,27,77,,,,,
MN,Le Sueur,27,79,,,,,
MN,Lincoln,27,81,,,,,
MN,Lyon,27,83,,,,,
MN,McLeod,27,85,,,,,
MN,Mahnomen,27,87,,,,,
MN,Marshall,27,89,,,,,
MN,Martin,27,91,,,,,
MN,Meeker,27,93,,,,,
MN,Mille Lacs,27,95,,,,,
MN,Morrison,27,97,,,,,
MN,Mower,27,99,,,,,
MN,Murray,27,101,,,,,
MN,Nicollet,27,103,,,,,
MN,Nobles,27,105,,,,,
MN,Norman,27,107,,,,,
MN,Olmsted,27,109,,,,,
MN,Otter Tail,27,111,,,,,
MN,Pennington,27,113,,,,,
MN,Pine,27,115,,,,,
MN,Pipestone,27,117,,,,,
MN,Polk,27,119,,,,,
MN,Pope,27,121,,,,,
MN,Ramsey,27,123,,,,,
MN,Red Lake,27,125,,,,,
MN,Redwood,27,127,,,,,
MN,Renville,27,129,,,,,
MN,Rice,27,131,,,,,
MN,Rock,27,133,,,,,
MN,Roseau,27,135,,,,,
MN,St Louis,27,137,,,,,
MN,Scott,27,139,,,,,
MN,Sherburne,27,141,,,,,
MN,Sibley,27,143,,,,,
MN,Stearns,27,145,,,,,
MN,Steele,27,147,,,,,
MN,Stevens,27,149,,,,,
MN,Swift,27,151,,,,,
MN,Todd,27,153,,,,,
MN,Traverse,27,155,,,,,
MN,Wabasha,27,157,,,,,
MN,Wadena,27,159,,,,,
MN,Waseca,27,161,,,,,
MN,Washington,27,163,,,,,
MN,Watonwan,27,165,,,,,
MN,Wilkin,27,167,,,,,
MN,Winona,27,169,,,,,
MN,Wright,27,171,,,,,
MN,Yellow Medicine,27,173,,,,,
MS,Adams,28,1,,,,,
MS,Alcorn,28,3,,,,,
MS,Amite,28,5,,,,,
MS,Attala,28,7,,,,,
MS,Benton,28,9,,,,,
MS,Bolivar,28,11,,,,,
MS,Calhoun,28,13,,,,,
MS,Carroll,28,15,,,,,
MS,Chickasaw,28,17,,,,,
MS,Choctaw,28,19,,,,,
MS,Claiborne,28,21,,,,,
MS,Clarke,28,23,,,,,
MS,Clay,28,25,,,,,
MS,Coahoma,28,27,,,,,
MS,Copiah,28,29,,,,,
MS,Covington,28,31,,,,,
MS,De Soto,28,33,,,,,
MS,Forrest,28,35,,,,,
MS,Franklin,28,37,,,,,
MS,George,28,39,,,,,
MS,Greene,28,41,,,,,
MS,Grenada,28,43,,,,,
MS,Hancock,28,45,,,,,
MS,Harrison,28,47,,,,,
MS,Hinds,28,49,,,,,
MS,Holmes,28,51,,,,,
MS,Humphreys,28,53,,,,,
MS,Issaquena,28,55,,,,,
MS,Itawamba,28,57,,,,,
MS,Jackson,28,59,,,,,
MS,Jasper,28,61,,,,,
MS,Jefferson,28,63,,,,,
MS,Jefferson Davis,28,65,,,,,
MS,Jones,28,67,,,,,
MS,Kemper,28,69,,,,,
MS,Lafayette,28,71,,,,,
MS,Lamar,28,73,,,,,
MS,Lauderdale,28,75,,,,,
MS,Lawrence,28,77,,,,,
MS,Leake,28,79,,,,,
MS,Lee,28,81,,,,,
MS,Leflore,28,83,,,,,
MS,Lincoln,28,85,,,,,
MS,Lowndes,28,87,,,,,
MS,Madison,28,89,,,,,
MS,Marion,28,91,,,,,
MS,Marshall,28,93,,,,,
MS,Monroe,28,95,,,,,
MS,Montgomery,28,97,,,,,
MS,Neshoba,28,99,,,,,
MS,Newton,28,101,,,,,
MS,Noxubee,28,103,,,,,
MS,Oktibbeha,28,105,,,,,
MS,Panola,28,107,,,,,
MS,Pearl River,28,109,,,,,
MS,Perry,28,111,,,,,
MS,Pike,28,113,,,,,
MS,Pontotoc,28,115,,,,,
MS,Prentiss,28,117,,,,,
MS,Quitman,28,119,,,,,
MS,Rankin,28,121,,,,,
MS,Scott,28,123,,,,,
MS,Sharkey,28,125,,,,,
MS,Simpson,28,127,,,,,
MS,Smith,28,129,,,,,
MS,Stone,28,131,,,,,
MS,Sunflower,28,133,,,,,
MS,Tallahatchie,28,135,,,,,
MS,Tate,28,137,,,,,
MS,Tippah,28,139,,,,,
MS,Tishomingo,28,141,,,,,
MS,Tunica,28,143,,,,,
MS,Union,28,145,,,,,
MS,Walthall,28,147,,,,,
MS,Warren,28,149,,,,,
MS,Washington,28,151,,,,,
MS,Wayne,28,153,,,,,
MS,Webster,28,155,,,,,
MS,Wilkinson,28,157,,,,,
MS,Winston,28,159,,,,,
MS,Yalobusha,28,161,,,,,
MS,Yazoo,28,163,,,,,
MO,Adair,29,1,,,,,
MO,Andrew,29,3,,,,,
MO,Atchison,29,5,,,,,
MO,Audrain,29,7,,,,,
MO,Barry,29,9,,,,,
MO,Barton,29,11,,,,,
MO,Bates,29,13,,,,,
MO,Benton,29,15,,,,,
MO,Bollinger,29,17,,,,,
MO,Boone,29,19,,,,,
MO,Buchanan,29,21,,,,,
MO,Butler,29,23,,,,,
MO,Caldwell,29,25,,,,,
MO,Callaway,29,27,,,,,
MO,Camden,29,29,,,,,
MO,Cape Girardeau,29,31,,,,,
MO,Carroll,29,33,,,,,
MO,Carter,29,35,,,,,
MO,Cass,29,37,,,,,
MO,Cedar,29,39,,,,,
MO,Chariton,29,41,,,,,
MO,Christian,29,43,,,,,
MO,Clark,29,45,,,,,
MO,Clay,29,47,,,,,
MO,Clinton,29,49,,,,,
MO,Cole,29,51,,,,,
MO,Cooper,29,53,,,,,
MO,Crawford,29,55,,,,,
MO,Dade,29,57,,,,,
MO,Dallas,29,59,,,,,
MO,Daviess,29,61,,,,,
MO,DeKalb,29,63,,,,,
MO,Dent,29,65,,,,,
MO,Douglas,29,67,,,,,
MO,Dunklin,29,69,,,,,
MO,Franklin,29,71,,,,,
MO,Gasconade,29,73,,,,,
MO,Gentry,29,75,,,,,
MO,Greene,29,77,,,,,
MO,Grundy,29,79,,,,,
MO,Harrison,29,81,,,,,
MO,Henry,29,83,,,,,
MO,Hickory,29,85,,,,,
MO,Holt,29,87,,,,,
MO,Howard,29,89,,,,,
MO,Howell,29,91,,,,,
MO,Iron,29,93,,,,,
MO,Jackson,29,95,,,,,
MO,Jasper,29,97,,,,,
MO,Jefferson,29,99,,,,,
MO,Johnson,29,101,,,,,
MO,Knox,29,103,,,,,
MO,Laclede,29,105,,,,,
MO,Lafayette,29,107,,,,,
MO,Lawrence,29,109,,,,,
MO,Lewis,29,111,,,,,
MO,Lincoln,29,113,,,,,
MO,Linn,29,115,,,,,
MO,Livingston,29,117,,,,,
MO,Mcdonald,29,119,,,,,
MO,Macon,29,121,,,,,
MO,Madison,29,123,,,,,
MO,Maries,29,125,,,,,
MO,Marion,29,127,,,,,
MO,Mercer,29,129,,,,,
MO,Miller,29,131,,,,,
MO,Mississippi,29,133,,,,,
MO,Moniteau,29,135,,,,,
MO,Monroe,29,137,,,,,
MO,Montgomery,29,139,,,,,
MO,Morgan,29,141,,,,,
MO,New Madrid,29,143,,,,,
MO,Newton,29,145,,,,,
MO,Nodaway,29,147,,,,,
MO,Oregon,29,149,,,,,
MO,Osage,29,151,,,,,
MO,Ozark,29,153,,,,,
MO,Pemiscot,29,155,,,,,
MO,Perry,29,157,,,,,
MO,Pettis,29,159,,,,,
MO,Phelps,29,161,,,,,
MO,Pike,29,163,,,,,
MO,Platte,29,165,,,,,
MO,Polk,29,167,,,,,
MO,Pulaski,29,169,,,,,
MO,Putnam,29,171,,,,,
MO,Ralls,29,173,,,,,
MO,Randolph,29,175,,,,,
MO,Ray,29,177,,,,,
MO,Reynolds,29,179,,,,,
MO,Ripley,29,181,,,,,
MO,St. Charles,29,183,,,,,
MO,St. Clair,29,185,,,,,
MO,Ste. Genevieve,29,186,,,,,
MO,St. Francois,29,187,,,,,
MO,St. Louis,29,189,,,,,
MO,Saline,29,195,,,,,
MO,Schuyler,29,197,,,,,
MO,Scotland,29,199,,,,,
MO,Scott,29,201,,,,,
MO,Shannon,29,203,,,,,
MO,Shelby,29,205,,,,,
MO,Stoddard,29,207,,,,,
MO,Stone,29,209,,,,,
MO,Sullivan,29,211,,,,,
MO,Taney,29,213,,,,,
MO,Texas,29,215,,,,,
MO,Vernon,29,217,,,,,
MO,Warren,29,219,,,,,
MO,Washington,29,221,,,,,
MO,Wayne,29,223,,,,,
MO,Webster,29,225,,,,,
MO,Worth,29,227,,,,,
MO,Wright,29,229,,,,,
MO,St. Louis City,29,510,,,,,
MT,Beaverhead,30,1,,,,,
MT,Big Horn,30,3,,,,,
MT,Blaine,30,5,,,,,
MT,Broadwater,30,7,,,,,
MT,Carbon,30,9,,,,,
MT,Carter,30,11,,,,,
MT,Cascade,30,13,,,,,
MT,Chouteau,30,15,,,,,
MT,Custer,30,17,,,,,
MT,Daniels,30,19,,,,,
MT,Dawson,30,21,,,,,
MT,Deer Lodge,30,23,,,,,
MT,Fallon,30,25,,,,,
MT,Fergus,30,27,,,,,
MT,Flathead,30,29,,,,,
MT,Gallatin,30,31,,,,,
MT,Garfield,30,33,,,,,
MT,Glacier,30,35,,,,,
MT,Golden Valley,30,37,,,,,
MT,Granite,30,39,,,,,
MT,Hill,30,41,,,,,
MT,Jefferson,30,43,,,,,
MT,Judith Basin,30,45,,,,,
MT,Lake,30,47,,,,,
MT,Lewis and Clark,30,49,,,,,
MT,Liberty,30,51,,,,,
MT,Lincoln,30,53,,,,,
MT,McCone,30,55,,,,,
MT,Madison,30,57,,,,,
MT,Meagher,30,59,,,,,
MT,Mineral,30,61,,,,,
MT,Missoula,30,63,,,,,
MT,Musselshell,30,65,,,,,
MT,Park,30,67,,,,,
MT,Petroleum,30,69,,,,,
MT,Phillips,30,71,,,,,
MT,Pondera,30,73,,,,,
MT,Powder River,30,75,,,,,
MT,Powell,30,77,,,,,
MT,Prairie,30,79,,,,,
MT,Ravalli,30,81,,,,,
MT,Richland,30,83,,,,,
MT,Roosevelt,30,85,,,,,
MT,Rosebud,30,87,,,,,
MT,Sanders,30,89,,,,,
MT,Sheridan,30,91,,,,,
MT,Silver Bow,30,93,,,,,
MT,Stillwater,30,95,,,,,
MT,Sweet Grass,30,97,,,,,
MT,Teton,30,99,,,,,
MT,Toole,30,101,,,,,
MT,Treasure,30,103,,,,,
MT,Valley,30,105,,,,,
MT,Wheatland,30,107,,,,,
MT,Wibaux,30,109,,,,,
MT,Yellowstone,30,111,,,,,
NE,Adams,31,1,,,,,
NE,Antelope,31,3,,,,,
NE,Arthur,31,5,,,,,
NE,Banner,31,7,,,,,
NE,Blaine,31,9,,,,,
NE,Boone,31,11,,,,,
NE,Box Butte,31,13,,,,,
NE,Boyd,31,15,,,,,
NE,Brown,31,17,,,,,
NE,Buffalo,31,19,,,,,
NE,Burt,31,21,,,,,
NE,Butler,31,23,,,,,
NE,Cass,31,25,,,,,
NE,Cedar,31,27,,,,,
NE,Chase,31,29,,,,,
NE,Cherry,31,31,,,,,
NE,Cheyenne,31,33,,,,,
NE,Clay,31,35,,,,,
NE,Colfax,31,37,,,,,
NE,Cuming,31,39,,,,,
NE,Custer,31,41,,,,,
NE,Dakota,31,43,,,,,
NE,Dawes,31,45,,,,,
NE,Dawson,31,47,,,,,
NE,Deuel,31,49,,,,,
NE,Dixon,31,51,,,,,
NE,Dodge,31,53,,,,,
NE,Douglas,31,55,,,,,
NE,Dundy,31,57,,,,,
NE,Fillmore,31,59,,,,,
NE,Franklin,31,61,,,,,
NE,Frontier,31,63,,,,,
NE,Furnas,31,65,,,,,
NE,Gage,31,67,,,,,
NE,Garden,31,69,,,,,
NE,Garfield,31,71,,,,,
NE,Gosper,31,73,,,,,
NE,Grant,31,75,,,,,
NE,Greeley,31,77,,,,,
NE,Hall,31,79,,,,,
NE,Hamilton,31,81,,,,,
NE,Harlan,31,83,,,,,
NE,Hayes,31,85,,,,,
NE,Hitchcock,31,87,,,,,
NE,Holt,31,89,,,,,
NE,Hooker,31,91,,,,,
NE,Howard,31,93,,,,,
NE,Jefferson,31,95,,,,,
NE,Johnson,31,97,,,,,
NE,Kearney,31,99,,,,,
NE,Keith,31,101,,,,,
NE,Keya Paha,31,103,,,,,
NE,Kimball,31,105,,,,,
NE,Knox,31,107,,,,,
NE,Lancaster,31,109,,,,,
NE,Lincoln,31,111,,,,,
NE,Logan,31,113,,,,,
NE,Loup,31,115,,,,,
NE,McPherson,31,117,,,,,
NE,Madison,31,119,,,,,
NE,Merrick,31,121,,,,,
NE,Morrill,31,123,,,,,
NE,Nance,31,125,,,,,
NE,Nemaha,31,127,,,,,
NE,Nuckolls,31,129,,,,,
NE,Otoe,31,131,,,,,
NE,Pawnee,31,133,,,,,
NE,Perkins,31,135,,,,,
NE,Phelps,31,137,,,,,
NE,Pierce,31,139,,,,,
NE,Platte,31,141,,,,,
NE,Polk,31,143,,,,,
NE,Red Willow,31,145,,,,,
NE,Richardson,31,147,,,,,
NE,Rock,31,149,,,,,
NE,Saline,31,151,,,,,
NE,Sarpy,31,153,,,,,
NE,Saunders,31,155,,,,,
NE,Scotts Bluff,31,157,,,,,
NE,Seward,31,159,,,,,
NE,Sheridan,31,161,,,,,
NE,Sherman,31,163,,,,,
NE,Sioux,31,165,,,,,
NE,Stanton,31,167,,,,,
NE,Thayer,31,169,,,,,
NE,Thomas,31,171,,,,,
NE,Thurston,31,173,,,,,
NE,Valley,31,175,,,,,
NE,Washington,31,177,,,,,
NE,Wayne,31,179,,,,,
NE,Webster,31,181,,,,,
NE,Wheeler,31,183,,,,,
NE,York,31,185,,,,,
NV,Churchill,32,1,,,,,
NV,Clark,32,3,,,,,
NV,Douglas,32,5,,,,,
NV,Elko,32,7,,,,,
NV,Esmeralda,32,9,,,,,
NV,Eureka,32,11,,,,,
NV,Humboldt,32,13,,,,,
NV,Lander,32,15,,,,,
NV,Lincoln,32,17,,,,,
NV,Lyon,32,19,,,,,
NV,Mineral,32,21,,,,,
NV,Nye,32,23,,,,,
NV,Pershing,32,27,,,,,
NV,Storey,32,29,,,,,
NV,Washoe,32,31,,,,,
NV,White Pine,32,33,,,,,
NV,Carson City,32,510,,,,,
NH,Belknap,33,1,,,,,
NH,Carroll,33,3,,,,,
NH,Cheshire,33,5,,,,,
NH,Coos,33,7,,,,,
NH,Grafton,33,9,,,,,
NH,Hillsborough,33,11,,,,,
NH,Merrimack,33,13,,,,,
NH,Rockingham,33,15,,,,,
NH,Strafford,33,17,,,,,
NH,Sullivan,33,19,,,,,
NJ,Atlantic,34,1,,,,,
NJ,Bergen,34,3,,,,,
NJ,Burlington,34,5,,,,,
NJ,Camden,34,7,,,,,
NJ,Cape May,34,9,,,,,
NJ,Cumberland,34,11,,,,,
NJ,Essex,34,13,,,,,
NJ,Gloucester,34,15,,,,,
NJ,Hudson,34,17,,,,,
NJ,Hunterdon,34,19,,,,,
NJ,Mercer,34,21,,,,,
NJ,Middlesex,34,23,,,,,
NJ,Monmouth,34,25,,,,,
NJ,Morris,34,27,,,,,
NJ,Ocean,34,29,,,,,
NJ,Passaic,34,31,,,,,
NJ,Salem,34,33,,,,,
NJ,Somerset,34,35,,,,,
NJ,Sussex,34,37,,,,,
NJ,Union,34,39,,,,,
NJ,Warren,34,41,,,,,
NM,Bernalillo,35,1,,,,,
NM,Catron,35,3,,,,,
NM,Chaves,35,5,,,,,
NM,Cibola,35,6,,,,,
NM,Colfax,35,7,,,,,
NM,Curry,35,9,,,,,
NM,De Baca,35,11,,,,,
NM,Dona Ana,35,13,,,,,
NM,Eddy,35,15,,,,,
NM,Grant,35,17,,,,,
NM,Guadalupe,35,19,,,,,
NM,Harding,35,21,,,,,
NM,Hidalgo,35,23,,,,,
NM,Lea,35,25,,,,,
NM,Lincoln,35,27,,,,,
NM,Los Alamos,35,28,,,,,
NM,Luna,35,29,,,,,
NM,McKinley,35,31,,,,,
NM,Mora,35,33,,,,,
NM,Otero,35,35,,,,,
NM,Quay,35,37,,,,,
NM,Rio Arriba,35,39,,,,,
NM,Roosevelt,35,41,,,,,
NM,Sandoval,35,43,,,,,
NM,San Juan,35,45,,,,,
NM,San Miguel,35,47,,,,,
NM,Santa Fe,35,49,,,,,
NM,Sierra,35,51,,,,,
NM,Socorro,35,53,,,,,
NM,Taos,35,55,,,,,
NM,Torrance,35,57,,,,,
NM,Union,35,59,,,,,
NM,Valencia,35,61,,,,,
NY,Albany,36,1,,,,,
NY,Allegany,36,3,,,,,
NY,Bronx,36,5,,,,,
NY,Broome,36,7,,,,,
NY,Cattaraugus,36,9,,,,,
NY,Cayuga,36,11,,,,,
NY,Chautauqua,36,13,,,,,
NY,Chemung,36,15,,,,,
NY,Chenango,36,17,,,,,
NY,Clinton,36,19,,,,,
NY,Columbia,36,21,,,,,
NY,Cortland,36,23,,,,,
NY,Delaware,36,25,,,,,
NY,Dutchess,36,27,,,,,
NY,Erie,36,29,,,,,
NY,Essex,36,31,,,,,
NY,Franklin,36,33,,,,,
NY,Fulton,36,35,,,,,
NY,Genesee,36,37,,,,,
NY,Greene,36,39,,,,,
NY,Hamilton,36,41,,,,,
NY,Herkimer,36,43,,,,,
NY,Jefferson,36,45,,,,,
NY,Kings,36,47,,,,,
NY,Lewis,36,49,,,,,
NY,Livingston,36,51,,,,,
NY,Madison,36,53,,,,,
NY,Monroe,36,55,,,,,
NY,Montgomery,36,57,,,,,
NY,Nassau,36,59,,,,,
NY,New York,36,61,,,,,
NY,Niagara,36,63,,,,,
NY,Oneida,36,65,,,,,
NY,Onondaga,36,67,,,,,
NY,Ontario,36,69,,,,,
NY,Orange,36,71,,,,,
NY,Orleans,36,73,,,,,
NY,Oswego,36,75,,,,,
NY,Otsego,36,77,,,,,
NY,Putnam,36,79,,,,,
NY,Queens,36,81,,,,,
NY,Rensselaer,36,83,,,,,
NY,Richmond,36,85,,,,,
NY,Rockland,36,87,,,,,
NY,St. Lawrence,36,89,,,,,
NY,Saratoga,36,91,,,,,
NY,Schenectady,36,93,,,,,
NY,Schoharie,36,95,,,,,
NY,Schuyler,36,97,,,,,
NY,Seneca,36,99,,,,,
NY,Steuben,36,101,,,,,
NY,Suffolk,36,103,,,,,
NY,Sullivan,36,105,,,,,
NY,Tioga,36,107,,,,,
NY,Tompkins,36,109,,,,,
NY,Ulster,36,111,,,,,
NY,Warren,36,113,,,,,
NY,Washington,36,115,,,,,
NY,Wayne,36,117,,,,,
NY,Westchester,36,119,,,,,
NY,Wyoming,36,121,,,,,
NY,Yates,36,123,,,,,
NC,Alamance,37,1,,,,,
NC,Alexander,37,3,,,,,
NC,Alleghany,37,5,,,,,
NC,Anson,37,7,,,,,
NC,Ashe,37,9,,,,,
NC,Avery,37,11,,,,,
NC,Beaufort,37,13,,,,,
NC,Bertie,37,15,,,,,
NC,Bladen,37,17,,,,,
NC,Brunswick,37,19,,,,,
NC,Buncombe,37,21,,,,,
NC,Burke,37,23,,,,,
NC,Cabarrus,37,25,,,,,
NC,Caldwell,37,27,,,,,
NC,Camden,37,29,,,,,
NC,Carteret,37,31,,,,,
NC,Caswell,37,33,,,,,
NC,Catawba,37,35,,,,,
NC,Chatham,37,37,,,,,
NC,Cherokee,37,39,,,,,
NC,Chowan,37,41,,,,,
NC,Clay,37,43,,,,,
NC,Cleveland,37,45,,,,,
NC,Columbus,37,47,,,,,
NC,Craven,37,49,,,,,
NC,Cumberland,37,51,,,,,
NC,Currituck,37,53,,,,,
NC,Dare,37,55,,,,,
NC,Davidson,37,57,,,,,
NC,Davie,37,59,,,,,
NC,Duplin,37,61,,,,,
NC,Durham,37,63,,,,,
NC,Edgecombe,37,65,,,,,
NC,Forsyth,37,67,,,,,
NC,Franklin,37,69,,,,,
NC,Gaston,37,71,,,,,
NC,Gates,37,73,,,,,
NC,Graham,37,75,,,,,
NC,Granville,37,77,,,,,
NC,Greene,37,79,,,,,
NC,Guilford,37,81,,,,,
NC,Halifax,37,83,,,,,
NC,Harnett,37,85,,,,,
NC,Haywood,37,87,,,,,
NC,Henderson,37,89,,,,,
NC,Hertford,37,91,,,,,
NC,Hoke,37,93,,,,,
NC,Hyde,37,95,,,,,
NC,Iredell,37,97,,,,,
NC,Jackson,37,99,,,,,
NC,Johnston,37,101,,,,,
NC,Jones,37,103,,,,,
NC,Lee,37,105,,,,,
NC,Lenoir,37,107,,,,,
NC,Lincoln,37,109,,,,,
NC,McDowell,37,111,,,,,
NC,Macon,37,113,,,,,
NC,Madison,37,115,,,,,
NC,Martin,37,117,,,,,
NC,Mecklenburg,37,119,,,,,
NC,Mitchell,37,121,,,,,
NC,Montgomery,37,123,,,,,
NC,Moore,37,125,,,,,
NC,Nash,37,127,,,,,
NC,New Hanover,37,129,,,,,
NC,Northampton,37,131,,,,,
NC,Onslow,37,133,,,,,
NC,Orange,37,135,,,,,
NC,Pamlico,37,137,,,,,
NC,Pasquotank,37,139,,,,,
NC,Pender,37,141,,,,,
NC,Perquimans,37,143,,,,,
NC,Person,37,145,,,,,
NC,Pitt,37,147,,,,,
NC,Polk,37,149,,,,,
NC,Randolph,37,151,,,,,
NC,Richmond,37,153,,,,,
NC,Robeson,37,155,,,,,
NC,Rockingham,37,157,,,,,
NC,Rowan,37,159,,,,,
NC,Rutherford,37,161,,,,,
NC,Sampson,37,163,,,,,
NC,Scotland,37,165,,,,,
NC,Stanly,37,167,,,,,
NC,Stokes,37,169,,,,,
NC,Surry,37,171,,,,,
NC,Swain,37,173,,,,,
NC,Transylvania,37,175,,,,,
NC,Tyrrell,37,177,,,,,
NC,Union,37,179,,,,,
NC,Vance,37,181,,,,,
NC,Wake,37,183,,,,,
NC,Warren,37,185,,,,,
NC,Washington,37,187,,,,,
NC,Watauga,37,189,,,,,
NC,Wayne,37,191,,,,,
NC,Wilkes,37,193,,,,,
NC,Wilson,37,195,,,,,
NC,Yadkin,37,197,,,,,
NC,Yancey,37,199,,,,,
ND,Adams,38,1,,,,,
ND,Barnes,38,3,,,,,
ND,Benson,38,5,,,,,
ND,Billings,38,7,,,,,
ND,Bottineau,38,9,,,,,
ND,Bowman,38,11,,,,,
ND,Burke,38,13,,,,,
ND,Burleigh,38,15,,,,,
ND,Cass,38,17,,,,,
ND,Cavalier,38,19,,,,,
ND,Dickey,38,21,,,,,
ND,Divide,38,23,,,,,
ND,Dunn,38,25,,,,,
ND,Eddy,38,27,,,,,
ND,Emmons,38,29,,,,,
ND,Foster,38,31,,,,,
ND,Golden Valley,38,33,,,,,
ND,Grand Forks,38,35,,,,,
ND,Grant,38,37,,,,,
ND,Griggs,38,39,,,,,
ND,Hettinger,38,41,,,,,
ND,Kidder,38,43,,,,,
ND,LaMoure,38,45,,,,,
ND,Logan,38,47,,,,,
ND,McHenry,38,49,,,,,
ND,McIntosh,38,51,,,,,
ND,McKenzie,38,53,,,,,
ND,McLean,38,55,,,,,
ND,Mercer,38,57,,,,,
ND,Morton,38,59,,,,,
ND,Mountrail,38,61,,,,,
ND,Nelson,38,63,,,,,
ND,Oliver,38,65,,,,,
ND,Pembina,38,67,,,,,
ND,Pierce,38,69,,,,,
ND,Ramsey,38,71,,,,,
ND,Ransom,38,73,,,,,
ND,Renville,38,75,,,,,
ND,Richland,38,77,,,,,
ND,Rolette,38,79,,,,,
ND,Sargent,38,81,,,,,
ND,Sheridan,38,83,,,,,
ND,Sioux,38,85,,,,,
ND,Slope,38,87,,,,,
ND,Stark,38,89,,,,,
ND,Steele,38,91,,,,,
ND,Stutsman,38,93,,,,,
ND,Towner,38,95,,,,,
ND,Traill,38,97,,,,,
ND,Walsh,38,99,,,,,
ND,Ward,38,101,,,,,
ND,Wells,38,103,,,,,
ND,Williams,38,105,,,,,
OH,Adams,39,1,,,,,
OH,Allen,39,3,,,,,
OH,Ashland,39,5,,,,,
OH,Ashtabula,39,7,,,,,
OH,Athens,39,9,,,,,
OH,Auglaize,39,11,,,,,
OH,Belmont,39,13,,,,,
OH,Brown,39,15,,,,,
OH,Butler,39,17,,,,,
OH,Carroll,39,19,,,,,
OH,Champaign,39,21,,,,,
OH,Clark,39,23,,,,,
OH,Clermont,39,25,,,,,
OH,Clinton,39,27,,,,,
OH,Columbiana,39,29,,,,,
OH,Coshocton,39,31,,,,,
OH,Crawford,39,33,,,,,
OH,Cuyahoga,39,35,,,,,
OH,Darke,39,37,,,,,
OH,Defiance,39,39,,,,,
OH,Delaware,39,41,,,,,
OH,Erie,39,43,,,,,
OH,Fairfield,39,45,,,,,
OH,Fayette,39,47,,,,,
OH,Franklin,39,49,,,,,
OH,Fulton,39,51,,,,,
OH,Gallia,39,53,,,,,
OH,Geauga,39,55,,,,,
OH,Greene,39,57,,,,,
OH,Guernsey,39,59,,,,,
OH,Hamilton,39,61,,,,,
OH,Hancock,39,63,,,,,
OH,Hardin,39,65,,,,,
OH,Harrison,39,67,,,,,
OH,Henry,39,69,,,,,
OH,Highland,39,71,,,,,
OH,Hocking,39,73,,,,,
OH,Holmes,39,75,,,,,
OH,Huron,39,77,,,,,
OH,Jackson,39,79,,,,,
OH,Jefferson,39,81,,,,,
OH,Knox,39,83,,,,,
OH,Lake,39,85,,,,,
OH,Lawrence,39,87,,,,,
OH,Licking,39,89,,,,,
OH,Logan,39,91,,,,,
OH,Lorain,39,93,,,,,
OH,Lucas,39,95,,,,,
OH,Madison,39,97,,,,,
OH,Mahoning,39,99,,,,,
OH,Marion,39,101,,,,,
OH,Medina,39,103,,,,,
OH,Meigs,39,105,,,,,
OH,Mercer,39,107,,,,,
OH,Miami,39,109,,,,,
OH,Monroe,39,111,,,,,
OH,Montgomery,39,113,,,,,
OH,Morgan,39,115,,,,,
OH,Morrow,39,117,,,,,
OH,Muskingum,39,119,,,,,
OH,Noble,39,121,,,,,
OH,Ottawa,39,123,,,,,
OH,Paulding,39,125,,,,,
OH,Perry,39,127,,,,,
OH,Pickaway,39,129,,,,,
OH,Pike,39,131,,,,,
OH,Portage,39,133,,,,,
OH,Preble,39,135,,,,,
OH,Putnam,39,137,,,,,
OH,Richland,39,139,,,,,
OH,Ross,39,141,,,,,
OH,Sandusky,39,143,,,,,
OH,Scioto,39,145,,,,,
OH,Seneca,39,147,,,,,
OH,Shelby,39,149,,,,,
OH,Stark,39,151,,,,,
OH,Summit,39,153,,,,,
OH,Trumbull,39,155,,,,,
OH,Tuscarawas,39,157,,,,,
OH,Union,39,159,,,,,
OH,Van Wert,39,161,,,,,
OH,Vinton,39,163,,,,,
OH,Warren,39,165,,,,,
OH,Washington,39,167,,,,,
OH,Wayne,39,169,,,,,
OH,Williams,39,171,,,,,
OH,Wood,39,173,,,,,
OH,Wyandot,39,175,,,,,
OK,Adair,40,1,,,,,
OK,Alfalfa,40,3,,,,,
OK,Atoka,40,5,,,,,
OK,Beaver,40,7,,,,,
OK,Beckham,40,9,,,,,
OK,Blaine,40,11,,,,,
OK,Bryan,40,13,,,,,
OK,Caddo,40,15,,,,,
OK,Canadian,40,17,,,,,
OK,Carter,40,19,,,,,
OK,Cherokee,40,21,,,,,
OK,Choctaw,40,23,,,,,
OK,Cimarron,40,25,,,,,
OK,Cleveland,40,27,,,,,
OK,Coal,40,29,,,,,
OK,Comanche,40,31,,,,,
OK,Cotton,40,33,,,,,
OK,Craig,40,35,,,,,
OK,Creek,40,37,,,,,
OK,Custer,40,39,,,,,
OK,Delaware,40,41,,,,,
OK,Dewey,40,43,,,,,
OK,Ellis,40,45,,,,,
OK,Garfield,40,47,,,,,
OK,Garvin,40,49,,,,,
OK,Grady,40,51,,,,,
OK,Grant,40,53,,,,,
OK,Greer,40,55,,,,,
OK,Harmon,40,57,,,,,
OK,Harper,40,59,,,,,
OK,Haskell,40,61,,,,,
OK,Hughes,40,63,,,,,
OK,Jackson,40,65,,,,,
OK,Jefferson,40,67,,,,,
OK,Johnston,40,69,,,,,
OK,Kay,40,71,,,,,
OK,Kingfisher,40,73,,,,,
OK,Kiowa,40,75,,,,,
OK,Latimer,40,77,,,,,
OK,Le Flore,40,79,,,,,
OK,Lincoln,40,81,,,,,
OK,Logan,40,83,,,,,
OK,Love,40,85,,,,,
OK,Mcclain,40,87,,,,,
OK,McCurtain,40,89,,,,,
OK,McIntosh,40,91,,,,,
OK,Major,40,93,,,,,
OK,Marshall,40,95,,,,,
OK,Mayes,40,97,,,,,
OK,Murray,40,99,,,,,
OK,Muskogee,40,101,,,,,
OK,Noble,40,103,,,,,
OK,Nowata,40,105,,,,,
OK,Okfuskee,40,107,,,,,
OK,Oklahoma,40,109,,,,,
OK,Okmulgee,40,111,,,,,
OK,Osage,40,113,,,,,
OK,Ottawa,40,115,,,,,
OK,Pawnee,40,117,,,,,
OK,Payne,40,119,,,,,
OK,Pittsburg,40,121,,,,,
OK,Pontotoc,40,123,,,,,
OK,Pottawatomie,40,125,,,,,
OK,Pushmataha,40,127,,,,,
OK,Roger Mills,40,129,,,,,
OK,Rogers,40,131,,,,,
OK,Seminole,40,133,,,,,
OK,Sequoyah,40,135,,,,,
OK,Stephens,40,137,,,,,
OK,Texas,40,139,,,,,
OK,Tillman,40,141,,,,,
OK,Tulsa,40,143,,,,,
OK,Wagoner,40,145,,,,,
OK,Washington,40,147,,,,,
OK,Washita,40,149,,,,,
OK,Woods,40,151,,,,,
OK,Woodward,40,153,,,,,
OR,Baker,41,1,,,,,
OR,Benton,41,3,,,,,
OR,Clackamas,41,5,,,,,
OR,Clatsop,41,7,,,,,
OR,Columbia,41,9,,,,,
OR,Coos,41,11,,,,,
OR,Crook,41,13,,,,,
OR,Curry,41,15,,,,,
OR,Deschutes,41,17,,,,,
OR,Douglas,41,19,,,,,
OR,Gilliam,41,21,,,,,
OR,Grant,41,23,,,,,
OR,Harney,41,25,,,,,
OR,Hood River,41,27,,,,,
OR,Jackson,41,29,,,,,
OR,Jefferson,41,31,,,,,
OR,Josephine,41,33,,,,,
OR,Klamath,41,35,,,,,
OR,Lake,41,37,,,,,
OR,Lane,41,39,,,,,
OR,Lincoln,41,41,,,,,
OR,Linn,41,43,,,,,
OR,Malheur,41,45,,,,,
OR,Marion,41,47,,,,,
OR,Morrow,41,49,,,,,
OR,Multnomah,41,51,,,,,
OR,Polk,41,53,,,,,
OR,Sherman,41,55,,,,,
OR,Tillamook,41,57,,,,,
OR,Umatilla,41,59,,,,,
OR,Union,41,61,,,,,
OR,Wallowa,41,63,,,,,
OR,Wasco,41,65,,,,,
OR,Washington,41,67,,,,,
OR,Wheeler,41,69,,,,,
OR,Yamhill,41,71,,,,,
PA,Adams,42,1,,,,,
PA,Allegheny,42,3,,,,,
PA,Armstrong,42,5,,,,,
PA,Beaver,42,7,,,,,
PA,Bedford,42,9,,,,,
PA,Berks,42,11,,,,,
PA,Blair,42,13,,,,,
PA,Bradford,42,15,,,,,
PA,Bucks,42,17,,,,,
PA,Butler,42,19,,,,,
PA,Cambria,42,21,,,,,
PA,Cameron,42,23,,,,,
PA,Carbon,42,25,,,,,
PA,Centre,42,27,,,,,
PA,Chester,42,29,,,,,
PA,Clarion,42,31,,,,,
PA,Clearfield,42,33,,,,,
PA,Clinton,42,35,,,,,
PA,Columbia,42,37,,,,,
PA,Crawford,42,39,,,,,
PA,Cumberland,42,41,,,,,
PA,Dauphin,42,43,,,,,
PA,Delaware,42,45,,,,,
PA,Elk,42,47,,,,,
PA,Erie,42,49,,,,,
PA,Fayette,42,51,,,,,
PA,Forest,42,53,,,,,
PA,Franklin,42,55,,,,,
PA,Fulton,42,57,,,,,
PA,Greene,42,59,,,,,
PA,Huntingdon,42,61,,,,,
PA,Indiana,42,63,,,,,
PA,Jefferson,42,65,,,,,
PA,Juniata,42,67,,,,,
PA,Lackawanna,42,69,,,,,
PA,Lancaster,42,71,,,,,
PA,Lawrence,42,73,,,,,
PA,Lebanon,42,75,,,,,
PA,Lehigh,42,77,,,,,
PA,Luzerne,42,79,,,,,
PA,Lycoming,42,81,,,,,
PA,McKean,42,83,,,,,
PA,Mercer,42,85,,,,,
PA,Mifflin,42,87,,,,,
PA,Monroe,42,89,,,,,
PA,Montgomery,42,91,,,,,
PA,Montour,42,93,,,,,
PA,Northampton,42,95,,,,,
PA,Northumberland,42,97,,,,,
PA,Perry,42,99,,,,,
PA,Philadelphia,42,101,,,,,
PA,Pike,42,103,,,,,
PA,Potter,42,105,,,,,
PA,Schuylkill,42,107,,,,,
PA,Snyder,42,109,,,,,
PA,Somerset,42,111,,,,,
PA,Sullivan,42,113,,,,,
PA,Susquehanna,42,115,,,,,
PA,Tioga,42,117,,,,,
PA,Union,42,119,,,,,
PA,Venango,42,121,,,,,
PA,Warren,42,123,,,,,
PA,Washington,42,125,,,,,
PA,Wayne,42,127,,,,,
PA,Westmoreland,42,129,,,,,
PA,Wyoming,42,131,,,,,
PA,York,42,133,,,,,
RI,Bristol,44,1,,,,,
RI,Kent,44,3,,,,,
RI,Newport,44,5,,,,,
RI,Providence,44,7,,,,,
RI,Washington,44,9,,,,,
SC,Abbeville,45,1,,,,,
SC,Aiken,45,3,,,,,
SC,Allendale,45,5,,,,,
SC,Anderson,45,7,,,,,
SC,Bamberg,45,9,,,,,
SC,Barnwell,45,11,,,,,
SC,Beaufort,45,13,,,,,
SC,Berkeley,45,15,,,,,
SC,Calhoun,45,17,,,,,
SC,Charleston,45,19,,,,,
SC,Cherokee,45,21,,,,,
SC,Chester,45,23,,,,,
SC,Chesterfield,45,25,,,,,
SC,Clarendon,45,27,,,,,
SC,Colleton,45,29,,,,,
SC,Darlington,45,31,,,,,
SC,Dillon,45,33,,,,,
SC,Dorchester,45,35,,,,,
SC,Edgefield,45,37,,,,,
SC,Fairfield,45,39,,,,,
SC,Florence,45,41,,,,,
SC,Georgetown,45,43,,,,,
SC,Greenville,45,45,,,,,
SC,Greenwood,45,47,,,,,
SC,Hampton,45,49,,,,,
SC,Horry,45,51,,,,,
SC,Jasper,45,53,,,,,
SC,Kershaw,45,55,,,,,
SC,Lancaster,45,57,,,,,
SC,Laurens,45,59,,,,,
SC,Lee,45,61,,,,,
SC,Lexington,45,63,,,,,
SC,McCormick,45,65,,,,,
SC,Marion,45,67,,,,,
SC,Marlboro,45,69,,,,,
SC,Newberry,45,71,,,,,
SC,Oconee,45,73,,,,,
SC,Orangeburg,45,75,,,,,
SC,Pickens,45,77,,,,,
SC,Richland,45,79,,,,,
SC,Saluda,45,81,,,,,
SC,Spartanburg,45,83,,,,,
SC,Sumter,45,85,,,,,
SC,Union,45,87,,,,,
SC,Williamsburg,45,89,,,,,
SC,York,45,91,,,,,
SD,Aurora,46,3,,,,,
SD,Beadle,46,5,,,,,
SD,Bennett,46,7,,,,,
SD,Bon Homme,46,9,,,,,
SD,Brookings,46,11,,,,,
SD,Brown,46,13,,,,,
SD,Brule,46,15,,,,,
SD,Buffalo,46,17,,,,,
SD,Butte,46,19,,,,,
SD,Campbell,46,21,,,,,
SD,Charles Mix,46,23,,,,,
SD,Clark,46,25,,,,,
SD,Clay,46,27,,,,,
SD,Codington,46,29,,,,,
SD,Corson,46,31,,,,,
SD,Custer,46,33,,,,,
SD,Davison,46,35,,,,,
SD,Day,46,37,,,,,
SD,Deuel,46,39,,,,,
SD,Dewey,46,41,,,,,
SD,Douglas,46,43,,,,,
SD,Edmunds,46,45,,,,,
SD,Fall River,46,47,,,,,
SD,Faulk,46,49,,,,,
SD,Grant,46,51,,,,,
SD,Gregory,46,53,,,,,
SD,Haakon,46,55,,,,,
SD,Hamlin,46,57,,,,,
SD,Hand,46,59,,,,,
SD,Hanson,46,61,,,,,
SD,Harding,46,63,,,,,
SD,Hughes,46,65,,,,,
SD,Hutchinson,46,67,,,,,
SD,Hyde,46,69,,,,,
SD,Jackson,46,71,,,,,
SD,Jerauld,46,73,,,,,
SD,Jones,46,75,,,,,
SD,Kingsbury,46,77,,,,,
SD,Lake,46,79,,,,,
SD,Lawrence,46,81,,,,,
SD,Lincoln,46,83,,,,,
SD,Lyman,46,85,,,,,
SD,McCook,46,87,,,,,
SD,McPherson,46,89,,,,,
SD,Marshall,46,91,,,,,
SD,Meade,46,93,,,,,
SD,Mellette,46,95,,,,,
SD,Miner,46,97,,,,,
SD,Minnehaha,46,99,,,,,
SD,Moody,46,101,,,,,
SD,Pennington,46,103,,,,,
SD,Perkins,46,105,,,,,
SD,Potter,46,107,,,,,
SD,Roberts,46,109,,,,,
SD,Sanborn,46,111,,,,,
SD,Shannon,46,113,,,,,
SD,Spink,46,115,,,,,
SD,Stanley,46,117,,,,,
SD,Sully,46,119,,,,,
SD,Todd,46,121,,,,,
SD,Tripp,46,123,,,,,
SD,Turner,46,125,,,,,
SD,Union,46,127,,,,,
SD,Walworth,46,129,,,,,
SD,Yankton,46,135,,,,,
SD,Ziebach,46,137,,,,,
TN,Anderson,47,1,,,,,
TN,Bedford,47,3,,,,,
TN,Benton,47,5,,,,,
TN,Bledsoe,47,7,,,,,
TN,Blount,47,9,,,,,
TN,Bradley,47,11,,,,,
TN,Campbell,47,13,,,,,
TN,Cannon,47,15,,,,,
TN,Carroll,47,17,,,,,
TN,Carter,47,19,,,,,
TN,Cheatham,47,21,,,,,
TN,Chester,47,23,,,,,
TN,Claiborne,47,25,,,,,
TN,Clay,47,27,,,,,
TN,Cocke,47,29,,,,,
TN,Coffee,47,31,,,,,
TN,Crockett,47,33,,,,,
TN,Cumberland,47,35,,,,,
TN,Davidson,47,37,,,,,
TN,Decatur,47,39,,,,,
TN,DeKalb,47,41,,,,,
TN,Dickson,47,43,,,,,
TN,Dyer,47,45,,,,,
TN,Fayette,47,47,,,,,
TN,Fentress,47,49,,,,,
TN,Franklin,47,51,,,,,
TN,Gibson,47,53,,,,,
TN,Giles,47,55,,,,,
TN,Grainger,47,57,,,,,
TN,Greene,47,59,,,,,
TN,Grundy,47,61,,,,,
TN,Hamblen,47,63,,,,,
TN,Hamilton,47,65,,,,,
TN,Hancock,47,67,,,,,
TN,Hardeman,47,69,,,,,
TN,Hardin,47,71,,,,,
TN,Hawkins,47,73,,,,,
TN,Haywood,47,75,,,,,
TN,Henderson,47,77,,,,,
TN,Henry,47,79,,,,,
TN,Hickman,47,81,,,,,
TN,Houston,47,83,,,,,
TN,Humphreys,47,85,,,,,
TN,Jackson,47,87,,,,,
TN,Jefferson,47,89,,,,,
TN,Johnson,47,91,,,,,
TN,Knox,47,93,,,,,
TN,Lake,47,95,,,,,
TN,Lauderdale,47,97,,,,,
TN,Lawrence,47,99,,,,,
TN,Lewis,47,101,,,,,
TN,Lincoln,47,103,,,,,
TN,Loudon,47,105,,,,,
TN,McMinn,47,107,,,,,
TN,McNairy,47,109,,,,,
TN,Macon,47,111,,,,,
TN,Madison,47,113,,,,,
TN,Marion,47,115,,,,,
TN,Marshall,47,117,,,,,
TN,Maury,47,119,,,,,
TN,Meigs,47,121,,,,,
TN,Monroe,47,123,,,,,
TN,Montgomery,47,125,,,,,
TN,Moore,47,127,,,,,
TN,Morgan,47,129,,,,,
TN,Obion,47,131,,,,,
TN,Overton,47,133,,,,,
TN,Perry,47,135,,,,,
TN,Pickett,47,137,,,,,
TN,Polk,47,139,,,,,
TN,Putnam,47,141,,,,,
TN,Rhea,47,143,,,,,
TN,Roane,47,145,,,,,
TN,Robertson,47,147,,,,,
TN,Rutherford,47,149,,,,,
TN,Scott,47,151,,,,,
TN,Sequatchie,47,153,,,,,
TN,Sevier,47,155,,,,,
TN,Shelby,47,157,,,,,
TN,Smith,47,159,,,,,
TN,Stewart,47,161,,,,,
TN,Sullivan,47,163,,,,,
TN,Sumner,47,165,,,,,
TN,Tipton,47,167,,,,,
TN,Trousdale,47,169,,,,,
TN,Unicoi,47,171,,,,,
TN,Union,47,173,,,,,
TN,Van Buren,47,175,,,,,
TN,Warren,47,177,,,,,
TN,Washington,47,179,,,,,
TN,Wayne,47,181,,,,,
TN,Weakley,47,183,,,,,
TN,White,47,185,,,,,
TN,Williamson,47,187,,,,,
TN,Wilson,47,189,,,,,
TX,Anderson,48,1,,,,,
TX,Andrews,48,3,,,,,
TX,Angelina,48,5,,,,,
TX,Aransas,48,7,,,,,
TX,Archer,48,9,,,,,
TX,Armstrong,48,11,,,,,
TX,Atascosa,48,13,,,,,
TX,Austin,48,15,,,,,
TX,Bailey,48,17,,,,,
TX,Bandera,48,19,,,,,
TX,Bastrop,48,21,,,,,
TX,Baylor,48,23,,,,,
TX,Bee,48,25,,,,,
TX,Bell,48,27,,,,,
TX,Bexar,48,29,,,,,
TX,Blanco,48,31,,,,,
TX,Borden,48,33,,,,,
TX,Bosque,48,35,,,,,
TX,Bowie,48,37,,,,,
TX,Brazoria,48,39,,,,,
TX,Brazos,48,41,,,,,
TX,Brewster,48,43,,,,,
TX,Briscoe,48,45,,,,,
TX,Brooks,48,47,,,,,
TX,Brown,48,49,,,,,
TX,Burleson,48,51,,,,,
TX,Burnet,48,53,,,,,
TX,Caldwell,48,55,,,,,
TX,Calhoun,48,57,,,,,
TX,Callahan,48,59,,,,,
TX,Cameron,48,61,,,,,
TX,Camp,48,63,,,,,
TX,Carson,48,65,,,,,
TX,Cass,48,67,,,,,
TX,Castro,48,69,,,,,
TX,Chambers,48,71,,,,,
TX,Cherokee,48,73,,,,,
TX,Childress,48,75,,,,,
TX,Clay,48,77,,,,,
TX,Cochran,48,79,,,,,
TX,Coke,48,81,,,,,
TX,Coleman,48,83,,,,,
TX,Collin,48,85,,,,,
TX,Collingsworth,48,87,,,,,
TX,Colorado,48,89,,,,,
TX,Comal,48,91,,,,,
TX,Comanche,48,93,,,,,
TX,Concho,48,95,,,,,
TX,Cooke,48,97,,,,,
TX,Coryell,48,99,,,,,
TX,Cottle,48,101,,,,,
TX,Crane,48,103,,,,,
TX,Crockett,48,105,,,,,
TX,Crosby,48,107,,,,,
TX,Culberson,48,109,,,,,
TX,Dallam,48,111,,,,,
TX,Dallas,48,113,,,,,
TX,Dawson,48,115,,,,,
TX,Deaf Smith,48,117,,,,,
TX,Delta,48,119,,,,,
TX,Denton,48,121,,,,,
TX,DeWitt,48,123,,,,,
TX,Dickens,48,125,,,,,
TX,Dimmit,48,127,,,,,
TX,Donley,48,129,,,,,
TX,Duval,48,131,,,,,
TX,Eastland,48,133,,,,,
TX,Ector,48,135,,,,,
TX,Edwards,48,137,,,,,
TX,Ellis,48,139,,,,,
TX,El Paso,48,141,,,,,
TX,Erath,48,143,,,,,
TX,Falls,48,145,,,,,
TX,Fannin,48,147,,,,,
TX,Fayette,48,149,,,,,
TX,Fisher,48,151,,,,,
TX,Floyd,48,153,,,,,
TX,Foard,48,155,,,,,
TX,Fort Bend,48,157,,,,,
TX,Franklin,48,159,,,,,
TX,Freestone,48,161,,,,,
TX,Frio,48,163,,,,,
TX,Gaines,48,165,,,,,
TX,Galveston,48,167,,,,,
TX,Garza,48,169,,,,,
TX,Gillespie,48,171,,,,,
TX,Glasscock,48,173,,,,,
TX,Goliad,48,175,,,,,
TX,Gonzales,48,177,,,,,
TX,Gray,48,179,,,,,
TX,Grayson,48,181,,,,,
TX,Gregg,48,183,,,,,
TX,Grimes,48,185,,,,,
TX,Guadalupe,48,187,,,,,
TX,Hale,48,189,,,,,
TX,Hall,48,191,,,,,
TX,Hamilton,48,193,,,,,
TX,Hansford,48,195,,,,,
TX,Hardeman,48,197,,,,,
TX,Hardin,48,199,,,,,
TX,Harris,48,201,,,,,
TX,Harrison,48,203,,,,,
TX,Hartley,48,205,,,,,
TX,Haskell,48,207,,,,,
TX,Hays,48,209,,,,,
TX,Hemphill,48,211,,,,,
TX,Henderson,48,213,,,,,
TX,Hidalgo,48,215,,,,,
TX,Hill,48,217,,,,,
TX,Hockley,48,219,,,,,
TX,Hood,48,221,,,,,
TX,Hopkins,48,223,,,,,
TX,Houston,48,225,,,,,
TX,Howard,48,227,,,,,
TX,Hudspeth,48,229,,,,,
TX,Hunt,48,231,,,,,
TX,Hutchinson,48,233,,,,,
TX,Irion,48,235,,,,,
TX,Jack,48,237,,,,,
TX,Jackson,48,239,,,,,
TX,Jasper,48,241,,,,,
TX,Jeff Davis,48,243,,,,,
TX,Jefferson,48,245,,,,,
TX,Jim Hogg,48,247,,,,,
TX,Jim Wells,48,249,,,,,
TX,Johnson,48,251,,,,,
TX,Jones,48,253,,,,,
TX,Karnes,48,255,,,,,
TX,Kaufman,48,257,,,,,
TX,Kendall,48,259,,,,,
TX,Kenedy,48,261,,,,,
TX,Kent,48,263,,,,,
TX,Kerr,48,265,,,,,
TX,Kimble,48,267,,,,,
TX,King,48,269,,,,,
TX,Kinney,48,271,,,,,
TX,Kleberg,48,273,,,,,
TX,Knox,48,275,,,,,
TX,Lamar,48,277,,,,,
TX,Lamb,48,279,,,,,
TX,Lampasas,48,281,,,,,
TX,La Salle,48,283,,,,,
TX,Lavaca,48,285,,,,,
TX,Lee,48,287,,,,,
TX,Leon,48,289,,,,,
TX,Liberty,48,291,,,,,
TX,Limestone,48,293,,,,,
TX,Lipscomb,48,295,,,,,
TX,Live Oak,48,297,,,,,
TX,Llano,48,299,,,,,
TX,Loving,48,301,,,,,
TX,Lubbock,48,303,,,,,
TX,Lynn,48,305,,,,,
TX,McCulloch,48,307,,,,,
TX,McLennan,48,309,,,,,
TX,McMullen,48,311,,,,,
TX,Madison,48,313,,,,,
TX,Marion,48,315,,,,,
TX,Martin,48,317,,,,,
TX,Mason,48,319,,,,,
TX,Matagorda,48,321,,,,,
TX,Maverick,48,323,,,,,
TX,Medina,48,325,,,,,
TX,Menard,48,327,,,,,
TX,Midland,48,329,,,,,
TX,Milam,48,331,,,,,
TX,Mills,48,333,,,,,
TX,Mitchell,48,335,,,,,
TX,Montague,48,337,,,,,
TX,Montgomery,48,339,,,,,
TX,Moore,48,341,,,,,
TX,Morris,48,343,,,,,
TX,Motley,48,345,,,,,
TX,Nacogdoches,48,347,,,,,
TX,Navarro,48,349,,,,,
TX,Newton,48,351,,,,,
TX,Nolan,48,353,,,,,
TX,Nueces,48,355,,,,,
TX,Ochiltree,48,357,,,,,
TX,Oldham,48,359,,,,,
TX,Orange,48,361,,,,,
TX,Palo Pinto,48,363,,,,,
TX,Panola,48,365,,,,,
TX,Parker,48,367,,,,,
TX,Parmer,48,369,,,,,
TX,Pecos,48,371,,,,,
TX,Polk,48,373,,,,,
TX,Potter,48,375,,,,,
TX,Presidio,48,377,,,,,
TX,Rains,48,379,,,,,
TX,Randall,48,381,,,,,
TX,Reagan,48,383,,,,,
TX,Real,48,385,,,,,
TX,Red River,48,387,,,,,
TX,Reeves,48,389,,,,,
TX,Refugio,48,391,,,,,
TX,Roberts,48,393,,,,,
TX,Robertson,48,395,,,,,
TX,Rockwall,48,397,,,,,
TX,Runnels,48,399,,,,,
TX,Rusk,48,401,,,,,
TX,Sabine,48,403,,,,,
TX,San Augustine,48,405,,,,,
TX,San Jacinto,48,407,,,,,
TX,San Patricio,48,409,,,,,
TX,San Saba,48,411,,,,,
TX,Schleicher,48,413,,,,,
TX,Scurry,48,415,,,,,
TX,Shackelford,48,417,,,,,
TX,Shelby,48,419,,,,,
TX,Sherman,48,421,,,,,
TX,Smith,48,423,,,,,
TX,Somervell,48,425,,,,,
TX,Starr,48,427,,,,,
TX,Stephens,48,429,,,,,
TX,Sterling,48,431,,,,,
TX,Stonewall,48,433,,,,,
TX,Sutton,48,435,,,,,
TX,Swisher,48,437,,,,,
TX,Tarrant,48,439,,,,,
TX,Taylor,48,441,,,,,
TX,Terrell,48,443,,,,,
TX,Terry,48,445,,,,,
TX,Throckmorton,48,447,,,,,
TX,Titus,48,449,,,,,
TX,Tom Green,48,451,,,,,
TX,Travis,48,453,,,,,
TX,Trinity,48,455,,,,,
TX,Tyler,48,457,,,,,
TX,Upshur,48,459,,,,,
TX,Upton,48,461,,,,,
TX,Uvalde,48,463,,,,,
TX,Val Verde,48,465,,,,,
TX,Van Zandt,48,467,,,,,
TX,Victoria,48,469,,,,,
TX,Walker,48,471,,,,,
TX,Waller,48,473,,,,,
TX,Ward,48,475,,,,,
TX,Washington,48,477,,,,,
TX,Webb,48,479,,,,,
TX,Wharton,48,481,,,,,
TX,Wheeler,48,483,,,,,
TX,Wichita,48,485,,,,,
TX,Wilbarger,48,487,,,,,
TX,Willacy,48,489,,,,,
TX,Williamson,48,491,,,,,
TX,Wilson,48,493,,,,,
TX,Winkler,48,495,,,,,
TX,Wise,48,497,,,,,
TX,Wood,48,499,,,,,
TX,Yoakum,48,501,,,,,
TX,Young,48,503,,,,,
TX,Zapata,48,505,,,,,
TX,Zavala,48,507,,,,,
UT,Beaver,49,1,,,,,
UT,Box Elder,49,3,,,,,
UT,Cache,49,5,,,,,
UT,Carbon,49,7,,,,,
UT,Daggett,49,9,,,,,
UT,Davis,49,11,,,,,
UT,Duchesne,49,13,,,,,
UT,Emery,49,15,,,,,
UT,Garfield,49,17,,,,,
UT,Grand,49,19,,,,,
UT,Iron,49,21,,,,,
UT,Juab,49,23,,,,,
UT,Kane,49,25,,,,,
UT,Millard,49,27,,,,,
UT,Morgan,49,29,,,,,
UT,Piute,49,31,,,,,
UT,Rich,49,33,,,,,
UT,Salt Lake,49,35,,,,,
UT,San Juan,49,37,,,,,
UT,Sanpete,49,39,,,,,
UT,Sevier,49,41,,,,,
UT,Summit,49,43,,,,,
UT,Tooele,49,45,,,,,
UT,Uintah,49,47,,,,,
UT,Utah,49,49,,,,,
UT,Wasatch,49,51,,,,,
UT,Washington,49,53,,,,,
UT,Wayne,49,55,,,,,
UT,Weber,49,57,,,,,
VT,Addison,50,1,,,,,
VT,Bennington,50,3,,,,,
VT,Caledonia,50,5,,,,,
VT,Chittenden,50,7,,,,,
VT,Essex,50,9,,,,,
VT,Franklin,50,11,,,,,
VT,Grand Isle,50,13,,,,,
VT,Lamoille,50,15,,,,,
VT,Orange,50,17,,,,,
VT,Orleans,50,19,,,,,
VT,Rutland,50,21,,,,,
VT,Washington,50,23,,,,,
VT,Windham,50,25,,,,,
VT,Windsor,50,27,,,,,
VA,Accomack,51,1,,,,,
VA,Albemarle,51,3,,,,,
VA,Alleghany,51,5,,,,,
VA,Amelia,51,7,,,,,
VA,Amherst,51,9,,,,,
VA,Appomattox,51,11,,,,,
VA,Arlington,51,13,,,,,
VA,Augusta,51,15,,,,,
VA,Bath,51,17,,,,,
VA,Bedford,51,19,,,,,
VA,Bland,51,21,,,,,
VA,Botetourt,51,23,,,,,
VA,Brunswick,51,25,,,,,
VA,Buchanan,51,27,,,,,
VA,Buckingham,51,29,,,,,
VA,Campbell,51,31,,,,,
VA,Caroline,51,33,,,,,
VA,Carroll,51,35,,,,,
VA,Charles City,51,36,,,,,
VA,Charlotte,51,37,,,,,
VA,Chesterfield,51,41,,,,,
VA,Clarke,51,43,,,,,
VA,Craig,51,45,,,,,
VA,Culpeper,51,47,,,,,
VA,Cumberland,51,49,,,,,
VA,Dickenson,51,51,,,,,
VA,Dinwiddie,51,53,,,,,
VA,Essex,51,57,,,,,
VA,Fairfax,51,59,,,,,
VA,Fauquier,51,61,,,,,
VA,Floyd,51,63,,,,,
VA,Fluvanna,51,65,,,,,
VA,Franklin,51,67,,,,,
VA,Frederick,51,69,,,,,
VA,Giles,51,71,,,,,
VA,Gloucester,51,73,,,,,
VA,Goochland,51,75,,,,,
VA,Grayson,51,77,,,,,
VA,Greene,51,79,,,,,
VA,Greensville,51,81,,,,,
VA,Halifax,51,83,,,,,
VA,Hanover,51,85,,,,,
VA,Henrico,51,87,,,,,
VA,Henry,51,89,,,,,
VA,Highland,51,91,,,,,
VA,Isle of Wight,51,93,,,,,
VA,James City,51,95,,,,,
VA,King and Queen,51,97,,,,,
VA,King George,51,99,,,,,
VA,King William,51,101,,,,,
VA,Lancaster,51,103,,,,,
VA,Lee,51,105,,,,,
VA,Loudoun,51,107,,,,,
VA,Louisa,51,109,,,,,
VA,Lunenburg,51,111,,,,,
VA,Madison,51,113,,,,,
VA,Mathews,51,115,,,,,
VA,Mecklenburg,51,117,,,,,
VA,Middlesex,51,119,,,,,
VA,Montgomery,51,121,,,,,
VA,Nelson,51,125,,,,,
VA,New Kent,51,127,,,,,
VA,Northampton,51,131,,,,,
VA,Northumberland,51,133,,,,,
VA,Nottoway,51,135,,,,,
VA,Orange,51,137,,,,,
VA,Page,51,139,,,,,
VA,Patrick,51,141,,,,,
VA,Pittsylvania,51,143,,,,,
VA,Powhatan,51,145,,,,,
VA,Prince Edward,51,147,,,,,
VA,Prince George,51,149,,,,,
VA,Prince William,51,153,,,,,
VA,Pulaski,51,155,,,,,
VA,Rappahannock,51,157,,,,,
VA,Richmond,51,159,,,,,
VA,Roanoke,51,161,,,,,
VA,Rockbridge,51,163,,,,,
VA,Rockingham,51,165,,,,,
VA,Russell,51,167,,,,,
VA,Scott,51,169,,,,,
VA,Shenandoah,51,171,,,,,
VA,Smyth,51,173,,,,,
VA,Southampton,51,175,,,,,
VA,Spotsylvania,51,177,,,,,
VA,Stafford,51,179,,,,,
VA,Surry,51,181,,,,,
VA,Sussex,51,183,,,,,
VA,Tazewell,51,185,,,,,
VA,Warren,51,187,,,,,
VA,Washington,51,191,,,,,
VA,Westmoreland,51,193,,,,,
VA,Wise,51,195,,,,,
VA,Wythe,51,197,,,,,
VA,York,51,199,,,,,
VA,Alexandria City,51,510,,,,,
VA,Bedford City,51,515,,,,,
VA,Bristol City,51,520,,,,,
VA,Buena Vista City,51,530,,,,,
VA,Charlottesville City,51,540,,,,,
VA,Chesapeake City,51,550,,,,,
VA,Clifton Forge City,51,560,,,,,
VA,Colonial Heights City,51,570,,,,,
VA,Covington City,51,580,,,,,
VA,Danville City,51,590,,,,,
VA,Emporia City,51,595,,,,,
VA,Fairfax City,51,600,,,,,
VA,Falls Church City,51,610,,,,,
VA,Franklin City,51,620,,,,,
VA,Fredericksburg City,51,630,,,,,
VA,Galax City,51,640,,,,,
VA,Hampton City,51,650,,,,,
VA,Harrisonburg City,51,660,,,,,
VA,Hopewell City,51,670,,,,,
VA,Lexington City,51,678,,,,,
VA,Lynchburg City,51,680,,,,,
VA,Manassas City,51,683,,,,,
VA,Manassas Park City,51,685,,,,,
VA,Martinsville City,51,690,,,,,
VA,Newport News City,51,700,,,,,
VA,Norfolk City,51,710,,,,,
VA,Norton City,51,720,,,,,
VA,Petersburg City,51,730,,,,,
VA,Poquoson City,51,735,,,,,
VA,Portsmouth City,51,740,,,,,
VA,Radford,51,750,,,,,
VA,Richmond City,51,760,,,,,
VA,Roanoke City,51,770,,,,,
VA,Salem City,51,775,,,,,
VA,South Boston City,51,780,,,,,
VA,Staunton City,51,790,,,,,
VA,Suffolk City,51,800,,,,,
VA,Virginia Beach City,51,810,,,,,
VA,Waynesboro City,51,820,,,,,
VA,Williamsburg City,51,830,,,,,
VA,Winchester City,51,840,,,,,
WA,Adams,53,1,,,,,
WA,Asotin,53,3,,,,,
WA,Benton,53,5,,,,,
WA,Chelan,53,7,,,,,
WA,Clallam,53,9,,,,,
WA,Clark,53,11,,,,,
WA,Columbia,53,13,,,,,
WA,Cowlitz,53,15,,,,,
WA,Douglas,53,17,,,,,
WA,Ferry,53,19,,,,,
WA,Franklin,53,21,,,,,
WA,Garfield,53,23,,,,,
WA,Grant,53,25,,,,,
WA,Grays Harbor,53,27,,,,,
WA,Island,53,29,,,,,
WA,Jefferson,53,31,,,,,
WA,King,53,33,,,,,
WA,Kitsap,53,35,,,,,
WA,Kittitas,53,37,,,,,
WA,Klickitat,53,39,,,,,
WA,Lewis,53,41,,,,,
WA,Lincoln,53,43,,,,,
WA,Mason,53,45,,,,,
WA,Okanogan,53,47,,,,,
WA,Pacific,53,49,,,,,
WA,Pend Oreille,53,51,,,,,
WA,Pierce,53,53,,,,,
WA,San Juan,53,55,,,,,
WA,Skagit,53,57,,,,,
WA,Skamania,53,59,,,,,
WA,Snohomish,53,61,,,,,
WA,Spokane,53,63,,,,,
WA,Stevens,53,65,,,,,
WA,Thurston,53,67,,,,,
WA,Wahkiakum,53,69,,,,,
WA,Walla Walla,53,71,,,,,
WA,Whatcom,53,73,,,,,
WA,Whitman,53,75,,,,,
WA,Yakima,53,77,,,,,
WV,Barbour,54,1,,,,,
WV,Berkeley,54,3,,,,,
WV,Boone,54,5,,,,,
WV,Braxton,54,7,,,,,
WV,Brooke,54,9,,,,,
WV,Cabell,54,11,,,,,
WV,Calhoun,54,13,,,,,
WV,Clay,54,15,,,,,
WV,Doddridge,54,17,,,,,
WV,Fayette,54,19,,,,,
WV,Gilmer,54,21,,,,,
WV,Grant,54,23,,,,,
WV,Greenbrier,54,25,,,,,
WV,Hampshire,54,27,,,,,
WV,Hancock,54,29,,,,,
WV,Hardy,54,31,,,,,
WV,Harrison,54,33,,,,,
WV,Jackson,54,35,,,,,
WV,Jefferson,54,37,,,,,
WV,Kanawha,54,39,,,,,
WV,Lewis,54,41,,,,,
WV,Lincoln,54,43,,,,,
WV,Logan,54,45,,,,,
WV,McDowell,54,47,,,,,
WV,Marion,54,49,,,,,
WV,Marshall,54,51,,,,,
WV,Mason,54,53,,,,,
WV,Mercer,54,55,,,,,
WV,Mineral,54,57,,,,,
WV,Mingo,54,59,,,,,
WV,Monongalia,54,61,,,,,
WV,Monroe,54,63,,,,,
WV,Morgan,54,65,,,,,
WV,Nicholas,54,67,,,,,
WV,Ohio,54,69,,,,,
WV,Pendleton,54,71,,,,,
WV,Pleasants,54,73,,,,,
WV,Pocahontas,54,75,,,,,
WV,Preston,54,77,,,,,
WV,Putnam,54,79,,,,,
WV,Raleigh,54,81,,,,,
WV,Randolph,54,83,,,,,
WV,Ritchie,54,85,,,,,
WV,Roane,54,87,,,,,
WV,Summers,54,89,,,,,
WV,Taylor,54,91,,,,,
WV,Tucker,54,93,,,,,
WV,Tyler,54,95,,,,,
WV,Upshur,54,97,,,,,
WV,Wayne,54,99,,,,,
WV,Webster,54,101,,,,,
WV,Wetzel,54,103,,,,,
WV,Wirt,54,105,,,,,
WV,Wood,54,107,,,,,
WV,Wyoming,54,109,,,,,
WI,Adams,55,1,,,,,
WI,Ashland,55,3,,,,,
WI,Barron,55,5,,,,,
WI,Bayfield,55,7,,,,,
WI,Brown,55,9,,,,,
WI,Buffalo,55,11,,,,,
WI,Burnett,55,13,,,,,
WI,Calumet,55,15,,,,,
WI,Chippewa,55,17,,,,,
WI,Clark,55,19,,,,,
WI,Columbia,55,21,,,,,
WI,Crawford,55,23,,,,,
WI,Dane,55,25,,,,,
WI,Dodge,55,27,,,,,
WI,Door,55,29,,,,,
WI,Douglas,55,31,,,,,
WI,Dunn,55,33,,,,,
WI,Eau Claire,55,35,,,,,
WI,Florence,55,37,,,,,
WI,Fond du Lac,55,39,,,,,
WI,Forest,55,41,,,,,
WI,Grant,55,43,,,,,
WI,Green,55,45,,,,,
WI,Green Lake,55,47,,,,,
WI,Iowa,55,49,,,,,
WI,Iron,55,51,,,,,
WI,Jackson,55,53,,,,,
WI,Jefferson,55,55,,,,,
WI,Juneau,55,57,,,,,
WI,Kenosha,55,59,,,,,
WI,Kewaunee,55,61,,,,,
WI,La Crosse,55,63,,,,,
WI,Lafayette,55,65,,,,,
WI,Langlade,55,67,,,,,
WI,Lincoln,55,69,,,,,
WI,Manitowoc,55,71,,,,,
WI,Marathon,55,73,,,,,
WI,Marinette,55,75,,,,,
WI,Marquette,55,77,,,,,
WI,Menominee,55,78,,,,,
WI,Milwaukee,55,79,,,,,
WI,Monroe,55,81,,,,,
WI,Oconto,55,83,,,,,
WI,Oneida,55,85,,,,,
WI,Outagamie,55,87,,,,,
WI,Ozaukee,55,89,,,,,
WI,Pepin,55,91,,,,,
WI,Pierce,55,93,,,,,
WI,Polk,55,95,,,,,
WI,Portage,55,97,,,,,
WI,Price,55,99,,,,,
WI,Racine,55,101,,,,,
WI,Richland,55,103,,,,,
WI,Rock,55,105,,,,,
WI,Rusk,55,107,,,,,
WI,St. Croix,55,109,,,,,
WI,Sauk,55,111,,,,,
WI,Sawyer,55,113,,,,,
WI,Shawano,55,115,,,,,
WI,Sheboygan,55,117,,,,,
WI,Taylor,55,119,,,,,
WI,Trempealeau,55,121,,,,,
WI,Vernon,55,123,,,,,
WI,Vilas,55,125,,,,,
WI,Walworth,55,127,,,,,
WI,Washburn,55,129,,,,,
WI,Washington,55,131,,,,,
WI,Waukesha,55,133,,,,,
WI,Waupaca,55,135,,,,,
WI,Waushara,55,137,,,,,
WI,Winnebago,55,139,,,,,
WI,Wood,55,141,,,,,
WY,Albany,56,1,,,,,
WY,Big Horn,56,3,,,,,
WY,Campbell,56,5,,,,,
WY,Carbon,56,7,,,,,
WY,Converse,56,9,,,,,
WY,Crook,56,11,,,,,
WY,Fremont,56,13,,,,,
WY,Goshen,56,15,,,,,
WY,Hot Springs,56,17,,,,,
WY,Johnson,56,19,,,,,
WY,Laramie,56,21,,,,,
WY,Lincoln,56,23,,,,,
WY,Natrona,56,25,,,,,
WY,Niobrara,56,27,,,,,
WY,Park,56,29,,,,,
WY,Platte,56,31,,,,,
WY,Sheridan,56,33,,,,,
WY,Sublette,56,35,,,,,
WY,Sweetwater,56,37,,,,,
WY,Teton,56,39,,,,,
WY,Uinta,56,41,,,,,
WY,Washakie,56,43,,,,,
WY,Weston,56,45,,,,,
,,,,,,,,
,,,,,,,,
,,,,,,,,
,,,,,,,,
,,,,,,,,
,,,,,,,,
,,,,,,,,
,,,,,,,,
,,,,,,,,
,,,,,,,,
,,,,,,,,
,,,,,,,,
,,,,,,,,
,,,,,,,,
,,,,,,,,
,,,,,,,,
,,,,,,,,
,,,,,,,,
,,,,,,,,
,,,,,,,,
,,,,,,,,
,,,,,,,,
,,,,,,,,
,,,,,,,,
,,,,,,,,
,,,,,,,,
,,,,,,,,
,,,,,,,,
,,,,,,,,
,,,,,,,,
,,,,,,,,
,,,,,,,,
,,,,,,,,
,,,,,,,,
,,,,,,,,
,,,,,,,,
,,,,,,,,
,,,,,,,,
,,,,,,,,
,,,,,,,,
,,,,,,,,
,,,,,,,,
,,,,,,,,
,,,,,,,,
,,,,,,,,
,,,,,,,,
,,,,,,,,
,,,,,,,,
,,,,,,,,
,,,,,,,,
,,,,,,,,
,,,,,,,,
,,,,,,,,
,,,,,,,,
,,,,,,,,
,,,,,,,,
,,,,,,,,
,,,,,,,,
,,,,,,,,
,,,,,,,,
,,,,,,,,
,,,,,,,,
,,,,,,,,
,,,,,,,,
,,,,,,,,
,,,,,,,,
,,,,,,,,
,,,,,,,,
,,,,,,,,
,,,,,,,,
,,,,,,,,
,,,,,,,,
,,,,,,,,
,,,,,,,,
,,,,,,,,
,,,,,,,,
,,,,,,,,
,,,,,,,,
,,,,,,,,
,,,,,,,,
,,,,,,,,
,,,,,,,,
,,,,,,,,
,,,,,,,,
,,,,,,,,
,,,,,,,,
,,,,,,,,
,,,,,,,,
,,,,,,,,
,,,,,,,,
,,,,,,,,
,,,,,,,,
,,,,,,,,
,,,,,,,,
,,,,,,,,
,,,,,,,,
,,,,,,,,
,,,,,,,,
,,,,,,,,
,,,,,,,,
,,,,,,,,
,,,,,,,,
,,,,,,,,
,,,,,,,,Unassigned
,,,,,,,,Unassigned
,,,,,,,,Unassigned
,,,,,,,,Unassigned
,,,,,,,,Unassigned
,,,,,,,,Unassigned
,,,,,,,,Unassigned
,,,,,,,,Unassigned
,,,,,,,,Unassigned
,,,,,,,,Unassigned
,,,,,,,,Unassigned
,,,,,,,,Unassigned
